,0,1,2
0,0.507080078125,0.576171875,2033.0
1,0.507080078125,0.576171875,2033.0
2,0.559326171875,0.561279296875,2034.0
3,0.559326171875,0.561279296875,2034.0
4,0.5927734375,0.525146484375,2036.0
5,0.5927734375,0.525146484375,2036.0
6,0.603759765625,0.47705078125,2041.0
7,0.603759765625,0.47705078125,2041.0
8,0.58837890625,0.431884765625,2050.0
9,0.58837890625,0.431884765625,2050.0
10,0.547607421875,0.39453125,2029.0
11,0.547607421875,0.39453125,2029.0
12,0.49365234375,0.375244140625,2035.0
13,0.49365234375,0.375244140625,2035.0
14,0.436279296875,0.375244140625,2035.0
15,0.436279296875,0.376953125,2036.0
16,0.3896484375,0.398681640625,2026.0
17,0.3896484375,0.398681640625,2026.0
18,0.3896484375,0.398681640625,2026.0
19,0.36767578125,0.43359375,2035.0
20,0.36767578125,0.43359375,2035.0
21,0.351318359375,0.47705078125,2035.0
22,0.351318359375,0.47705078125,2035.0
23,0.365478515625,0.517822265625,2029.0
24,0.365478515625,0.517822265625,2029.0
25,0.397216796875,0.55078125,2034.0
26,0.397216796875,0.55078125,2034.0
27,0.4453125,0.55078125,2034.0
28,0.4453125,0.55078125,2034.0
29,0.50341796875,0.578369140625,2029.0
30,0.50341796875,0.578369140625,2029.0
31,0.5537109375,0.56201171875,2044.0
32,0.5537109375,0.56201171875,2044.0
33,0.5537109375,0.56201171875,2044.0
34,0.592529296875,0.5283203125,2041.0
35,0.592529296875,0.5283203125,2041.0
36,0.60400390625,0.482666015625,2036.0
37,0.60400390625,0.482666015625,2036.0
38,0.58984375,0.434814453125,2030.0
39,0.58984375,0.434814453125,2030.0
40,0.55078125,0.386962890625,2048.0
41,0.55078125,0.386962890625,2048.0
42,0.49853515625,0.376220703125,2034.0
43,0.49853515625,0.376220703125,2034.0
44,0.43896484375,0.37744140625,2035.0
45,0.43896484375,0.37744140625,2035.0
46,0.3427734375,0.395751953125,2016.0
47,0.3427734375,0.395751953125,2016.0
48,0.36279296875,0.4306640625,2041.0
49,0.36279296875,0.4306640625,2041.0
50,0.36279296875,0.4306640625,2041.0
51,0.3505859375,0.47314453125,2056.0
52,0.3505859375,0.47314453125,2056.0
53,0.365234375,0.514892578125,2052.0
54,0.365234375,0.514892578125,2052.0
55,0.394775390625,0.5517578125,2043.0
56,0.394775390625,0.5517578125,2043.0
57,0.4443359375,0.57275390625,2036.0
58,0.4443359375,0.57275390625,2036.0
59,0.498046875,0.580322265625,2035.0
60,0.498046875,0.580322265625,2035.0
61,0.55126953125,0.56396484375,2043.0
62,0.55126953125,0.56396484375,2043.0
63,0.589111328125,0.533203125,2043.0
64,0.589111328125,0.533203125,2043.0
65,0.60595703125,0.4833984375,2044.0
66,0.60595703125,0.4833984375,2044.0
67,0.60595703125,0.4833984375,2044.0
68,0.5908203125,0.436767578125,2050.0
69,0.5908203125,0.436767578125,2050.0
70,0.552978515625,0.403564453125,2033.0
71,0.552978515625,0.403564453125,2033.0
72,0.500244140625,0.3759765625,2037.0
73,0.500244140625,0.3759765625,2037.0
74,0.441650390625,0.379150390625,2038.0
75,0.441650390625,0.379150390625,2038.0
76,0.3916015625,0.39794921875,2029.0
77,0.3916015625,0.39794921875,2029.0
78,0.3603515625,0.43212890625,2041.0
79,0.3603515625,0.43212890625,2041.0
80,0.350830078125,0.4716796875,2048.0
81,0.350830078125,0.4716796875,2048.0
82,0.364013671875,0.513427734375,2038.0
83,0.364013671875,0.513427734375,2038.0
84,0.364013671875,0.513427734375,2038.0
85,0.394775390625,0.541015625,2041.0
86,0.394775390625,0.541015625,2041.0
87,0.441650390625,0.574951171875,2041.0
88,0.441650390625,0.574951171875,2041.0
89,0.4970703125,0.578369140625,2041.0
90,0.4970703125,0.578369140625,2035.0
91,0.55126953125,0.565673828125,2035.0
92,0.55126953125,0.565673828125,2035.0
93,0.589111328125,0.5302734375,2042.0
94,0.589111328125,0.5302734375,2042.0
95,0.604248046875,0.498779296875,2039.0
96,0.604248046875,0.498779296875,2039.0
97,0.5927734375,0.4365234375,2041.0
98,0.5927734375,0.4365234375,2041.0
99,0.570556640625,0.397705078125,2033.0
100,0.570556640625,0.397705078125,2033.0
101,0.570556640625,0.397705078125,2033.0
102,0.4990234375,0.37646484375,2036.0
103,0.4990234375,0.37646484375,2036.0
104,0.44091796875,0.37548828125,2039.0
105,0.44091796875,0.37548828125,2039.0
106,0.39111328125,0.37548828125,2039.0
107,0.39111328125,0.395751953125,2039.0
108,0.360107421875,0.395751953125,2049.0
109,0.360107421875,0.43115234375,2049.0
110,0.352783203125,0.463623046875,2049.0
111,0.352783203125,0.463623046875,2049.0
112,0.3662109375,0.514404296875,2036.0
113,0.3662109375,0.514404296875,2036.0
114,0.3974609375,0.550537109375,2036.0
115,0.3974609375,0.550537109375,2035.0
116,0.4423828125,0.572509765625,2043.0
117,0.4423828125,0.572509765625,2043.0
118,0.4423828125,0.572509765625,2043.0
119,0.4990234375,0.579345703125,2043.0
120,0.552734375,0.562744140625,2022.0
121,0.552734375,0.562744140625,2036.0
122,0.552734375,0.562744140625,2036.0
123,0.590087890625,0.527099609375,2036.0
124,0.590087890625,0.527099609375,2048.0
125,0.604736328125,0.488525390625,2050.0
126,0.604736328125,0.488525390625,2050.0
127,0.590087890625,0.43505859375,2037.0
128,0.590087890625,0.43505859375,2037.0
129,0.54443359375,0.3974609375,2037.0
130,0.54443359375,0.3974609375,2037.0
131,0.54443359375,0.3974609375,2037.0
132,0.498046875,0.376220703125,2038.0
133,0.498046875,0.376220703125,2038.0
134,0.439697265625,0.37646484375,2049.0
135,0.439697265625,0.37646484375,2049.0
136,0.392578125,0.39599609375,2036.0
137,0.392578125,0.39599609375,2036.0
138,0.359619140625,0.4326171875,2057.0
139,0.359619140625,0.4326171875,2057.0
140,0.353271484375,0.474365234375,2031.0
141,0.353271484375,0.474365234375,2031.0
142,0.365234375,0.516845703125,2031.0
143,0.365234375,0.516845703125,2029.0
144,0.39892578125,0.516845703125,2029.0
145,0.39892578125,0.516845703125,2029.0
146,0.445556640625,0.573486328125,2042.0
147,0.445556640625,0.573486328125,2042.0
148,0.50244140625,0.57861328125,2050.0
149,0.50244140625,0.57861328125,2050.0
150,0.50244140625,0.57861328125,2050.0
151,0.554931640625,0.56494140625,2034.0
152,0.554931640625,0.56494140625,2034.0
153,0.592041015625,0.52001953125,2040.0
154,0.592041015625,0.52001953125,2040.0
155,0.60888671875,0.48046875,2036.0
156,0.60888671875,0.48046875,2036.0
157,0.588623046875,0.43310546875,2033.0
158,0.588623046875,0.43310546875,2033.0
159,0.549560546875,0.39501953125,2032.0
160,0.549560546875,0.39501953125,2032.0
161,0.494873046875,0.375,2044.0
162,0.494873046875,0.375,2044.0
163,0.436767578125,0.3818359375,2053.0
164,0.436767578125,0.3818359375,2053.0
165,0.387939453125,0.397216796875,2053.0
166,0.387939453125,0.397216796875,2053.0
167,0.356201171875,0.397216796875,2038.0
168,0.356201171875,0.434814453125,2075.0
169,0.3525390625,0.478759765625,2075.0
170,0.3525390625,0.478759765625,2029.0
171,0.3525390625,0.478759765625,2029.0
172,0.3662109375,0.5185546875,2050.0
173,0.3662109375,0.5185546875,2050.0
174,0.398193359375,0.55224609375,2043.0
175,0.398193359375,0.55224609375,2043.0
176,0.447265625,0.57568359375,2049.0
177,0.447265625,0.57568359375,2049.0
178,0.504150390625,0.578125,2041.0
179,0.504150390625,0.578125,2041.0
180,0.55712890625,0.568359375,2043.0
181,0.55712890625,0.568359375,2043.0
182,0.592529296875,0.526123046875,2024.0
183,0.592529296875,0.526123046875,2024.0
184,0.592529296875,0.526123046875,2024.0
185,0.606201171875,0.479248046875,2039.0
186,0.606201171875,0.479248046875,2039.0
187,0.58740234375,0.433349609375,2057.0
188,0.58740234375,0.433349609375,2057.0
189,0.548095703125,0.39453125,2034.0
190,0.548095703125,0.39453125,2034.0
191,0.492919921875,0.341064453125,2050.0
192,0.492919921875,0.341064453125,2050.0
193,0.435791015625,0.379638671875,2050.0
194,0.435791015625,0.379638671875,2051.0
195,0.3857421875,0.39892578125,2042.0
196,0.3857421875,0.39892578125,2042.0
197,0.35791015625,0.436279296875,2038.0
198,0.35791015625,0.436279296875,2038.0
199,0.351318359375,0.478271484375,2049.0
200,0.351318359375,0.478271484375,2049.0
201,0.351318359375,0.478271484375,2049.0
202,0.367431640625,0.519287109375,2034.0
203,0.367431640625,0.519287109375,2034.0
204,0.40283203125,0.55419921875,2049.0
205,0.40283203125,0.55419921875,2049.0
206,0.450439453125,0.57470703125,2041.0
207,0.450439453125,0.57470703125,2041.0
208,0.51025390625,0.577392578125,2042.0
209,0.51025390625,0.577392578125,2042.0
210,0.556884765625,0.55908203125,2028.0
211,0.556884765625,0.55908203125,2028.0
212,0.593994140625,0.55908203125,2028.0
213,0.593994140625,0.523193359375,2049.0
214,0.60400390625,0.475341796875,2033.0
215,0.60400390625,0.475341796875,2033.0
216,0.60400390625,0.475341796875,2033.0
217,0.585693359375,0.443359375,2049.0
218,0.54296875,0.392333984375,2041.0
219,0.54296875,0.392333984375,2041.0
220,0.54296875,0.392333984375,2041.0
221,0.54296875,0.392333984375,2041.0
222,0.487548828125,0.37744140625,2041.0
223,0.432861328125,0.3779296875,2049.0
224,0.432861328125,0.3779296875,2049.0
225,0.385498046875,0.40185546875,2049.0
226,0.385498046875,0.40185546875,2040.0
227,0.356689453125,0.438720703125,2025.0
228,0.356689453125,0.438720703125,2025.0
229,0.351806640625,0.481689453125,2038.0
230,0.351806640625,0.481689453125,2038.0
231,0.36767578125,0.481689453125,2038.0
232,0.36767578125,0.525146484375,2041.0
233,0.36767578125,0.525146484375,2041.0
234,0.405029296875,0.556884765625,2038.0
235,0.405029296875,0.556884765625,2038.0
236,0.4580078125,0.57861328125,2050.0
237,0.4580078125,0.57861328125,2050.0
238,0.515380859375,0.57763671875,2028.0
239,0.515380859375,0.57763671875,2028.0
240,0.56640625,0.556396484375,2036.0
241,0.56640625,0.556396484375,2036.0
242,0.596435546875,0.518798828125,2036.0
243,0.596435546875,0.518798828125,2040.0
244,0.605712890625,0.469970703125,2040.0
245,0.605712890625,0.469970703125,2040.0
246,0.582275390625,0.423583984375,2048.0
247,0.582275390625,0.423583984375,2048.0
248,0.5380859375,0.390625,2033.0
249,0.5380859375,0.390625,2033.0
250,0.5380859375,0.390625,2033.0
251,0.482421875,0.374755859375,2031.0
252,0.482421875,0.374755859375,2031.0
253,0.427978515625,0.38134765625,2030.0
254,0.427978515625,0.38134765625,2030.0
255,0.37890625,0.405517578125,2040.0
256,0.37890625,0.405517578125,2040.0
257,0.355712890625,0.405517578125,2040.0
258,0.355712890625,0.44287109375,2040.0
259,0.35400390625,0.487548828125,2081.0
260,0.35400390625,0.487548828125,2081.0
261,0.373291015625,0.52978515625,2059.0
262,0.373291015625,0.52978515625,2059.0
263,0.41015625,0.56005859375,2038.0
264,0.41015625,0.56005859375,2038.0
265,0.462890625,0.577392578125,2049.0
266,0.462890625,0.577392578125,2049.0
267,0.462890625,0.577392578125,2049.0
268,0.519775390625,0.576171875,2039.0
269,0.519775390625,0.576171875,2039.0
270,0.56884765625,0.552978515625,2031.0
271,0.56884765625,0.552978515625,2031.0
272,0.598876953125,0.512939453125,2052.0
273,0.598876953125,0.512939453125,2052.0
274,0.601806640625,0.46435546875,2059.0
275,0.601806640625,0.46435546875,2059.0
276,0.579345703125,0.408935546875,2035.0
277,0.579345703125,0.408935546875,2035.0
278,0.533935546875,0.38720703125,2032.0
279,0.533935546875,0.38720703125,2032.0
280,0.47509765625,0.374755859375,2024.0
281,0.47509765625,0.374755859375,2024.0
282,0.418212890625,0.38232421875,2029.0
283,0.418212890625,0.38232421875,2029.0
284,0.418212890625,0.38232421875,2029.0
285,0.374755859375,0.410888671875,2038.0
286,0.374755859375,0.410888671875,2038.0
287,0.352783203125,0.44921875,2043.0
288,0.352783203125,0.44921875,2043.0
289,0.353515625,0.4931640625,2048.0
290,0.353515625,0.4931640625,2048.0
291,0.375244140625,0.532470703125,2043.0
292,0.375244140625,0.532470703125,2043.0
293,0.419189453125,0.5634765625,2037.0
294,0.419189453125,0.5634765625,2037.0
295,0.47265625,0.580322265625,2028.0
296,0.47265625,0.580322265625,2028.0
297,0.52783203125,0.57470703125,2056.0
298,0.52783203125,0.57470703125,2056.0
299,0.52783203125,0.57470703125,2056.0
300,0.574462890625,0.547607421875,2041.0
301,0.574462890625,0.547607421875,2041.0
302,0.600341796875,0.506103515625,2049.0
303,0.600341796875,0.506103515625,2049.0
304,0.600341796875,0.456298828125,2048.0
305,0.600341796875,0.456298828125,2048.0
306,0.571533203125,0.414306640625,2048.0
307,0.571533203125,0.414306640625,2048.0
308,0.523681640625,0.383544921875,2038.0
309,0.523681640625,0.383544921875,2038.0
310,0.46435546875,0.374755859375,2052.0
311,0.46435546875,0.374755859375,2052.0
312,0.409912109375,0.3857421875,2041.0
313,0.409912109375,0.3857421875,2041.0
314,0.37060546875,0.3857421875,2041.0
315,0.37060546875,0.3857421875,2041.0
316,0.354736328125,0.415771484375,2037.0
317,0.354736328125,0.45703125,2037.0
318,0.354736328125,0.45703125,2037.0
319,0.35888671875,0.500244140625,2026.0
320,0.35888671875,0.500244140625,2026.0
321,0.3818359375,0.5380859375,2051.0
322,0.3818359375,0.5380859375,2051.0
323,0.42626953125,0.566650390625,2037.0
324,0.42626953125,0.566650390625,2037.0
325,0.480712890625,0.578369140625,2037.0
326,0.480712890625,0.578369140625,2037.0
327,0.537109375,0.56982421875,2049.0
328,0.537109375,0.56982421875,2049.0
329,0.580810546875,0.541015625,2028.0
330,0.580810546875,0.541015625,2028.0
331,0.603515625,0.497314453125,2026.0
332,0.603515625,0.497314453125,2026.0
333,0.603515625,0.497314453125,2026.0
334,0.603515625,0.497314453125,2026.0
335,0.5966796875,0.44873046875,2030.0
336,0.564453125,0.407470703125,2042.0
337,0.564453125,0.407470703125,2042.0
338,0.512939453125,0.379638671875,2041.0
339,0.512939453125,0.379638671875,2041.0
340,0.4541015625,0.374755859375,2035.0
341,0.4541015625,0.374755859375,2035.0
342,0.4013671875,0.3896484375,2040.0
343,0.4013671875,0.3896484375,2040.0
344,0.3671875,0.423828125,2041.0
345,0.3671875,0.423828125,2041.0
346,0.351806640625,0.46484375,2034.0
347,0.351806640625,0.46484375,2034.0
348,0.3603515625,0.50732421875,2034.0
349,0.3603515625,0.50732421875,2038.0
350,0.3603515625,0.50732421875,2038.0
351,0.38818359375,0.545166015625,2040.0
352,0.38818359375,0.545166015625,2040.0
353,0.438232421875,0.571044921875,2041.0
354,0.438232421875,0.571044921875,2041.0
355,0.4912109375,0.5791015625,2033.0
356,0.4912109375,0.5791015625,2033.0
357,0.546142578125,0.5654296875,2048.0
358,0.546142578125,0.5654296875,2048.0
359,0.586669921875,0.537841796875,2042.0
360,0.586669921875,0.537841796875,2042.0
361,0.60595703125,0.490966796875,2032.0
362,0.60595703125,0.490966796875,2032.0
363,0.5927734375,0.439453125,2053.0
364,0.5927734375,0.439453125,2053.0
365,0.55615234375,0.400390625,2053.0
366,0.55615234375,0.400390625,2035.0
367,0.55615234375,0.400390625,2035.0
368,0.50244140625,0.377197265625,2033.0
369,0.50244140625,0.377197265625,2033.0
370,0.444091796875,0.376220703125,2033.0
371,0.444091796875,0.376220703125,2028.0
372,0.39306640625,0.39404296875,2028.0
373,0.39306640625,0.39404296875,2028.0
374,0.380859375,0.4296875,2042.0
375,0.380859375,0.4296875,2042.0
376,0.352783203125,0.471435546875,2043.0
377,0.352783203125,0.471435546875,2043.0
378,0.363037109375,0.5146484375,2049.0
379,0.363037109375,0.5146484375,2049.0
380,0.394775390625,0.553955078125,2048.0
381,0.394775390625,0.553955078125,2048.0
382,0.394775390625,0.553955078125,2048.0
383,0.394775390625,0.553955078125,2048.0
384,0.444091796875,0.57275390625,2040.0
385,0.503173828125,0.578125,2035.0
386,0.503173828125,0.578125,2035.0
387,0.554443359375,0.565185546875,2051.0
388,0.554443359375,0.565185546875,2051.0
389,0.5927734375,0.52734375,2043.0
390,0.5927734375,0.52734375,2043.0
391,0.603515625,0.48046875,2036.0
392,0.603515625,0.48046875,2036.0
393,0.59423828125,0.432373046875,2028.0
394,0.59423828125,0.432373046875,2028.0
395,0.548095703125,0.38818359375,2049.0
396,0.548095703125,0.38818359375,2049.0
397,0.492919921875,0.375244140625,2025.0
398,0.492919921875,0.375244140625,2025.0
399,0.492919921875,0.375244140625,2025.0
400,0.4365234375,0.376953125,2037.0
401,0.4365234375,0.376953125,2037.0
402,0.392578125,0.39892578125,2064.0
403,0.392578125,0.39892578125,2064.0
404,0.35791015625,0.435791015625,2030.0
405,0.35791015625,0.435791015625,2030.0
406,0.35107421875,0.47802734375,2034.0
407,0.35107421875,0.47802734375,2034.0
408,0.36767578125,0.520751953125,2043.0
409,0.36767578125,0.520751953125,2043.0
410,0.4013671875,0.554931640625,2027.0
411,0.4013671875,0.554931640625,2027.0
412,0.45166015625,0.575439453125,2036.0
413,0.45166015625,0.575439453125,2036.0
414,0.512939453125,0.5771484375,2032.0
415,0.512939453125,0.5771484375,2032.0
416,0.512939453125,0.5771484375,2032.0
417,0.560791015625,0.559814453125,2033.0
418,0.560791015625,0.559814453125,2033.0
419,0.594970703125,0.522216796875,2028.0
420,0.594970703125,0.522216796875,2028.0
421,0.603759765625,0.4755859375,2049.0
422,0.603759765625,0.4755859375,2049.0
423,0.584228515625,0.427978515625,2037.0
424,0.584228515625,0.427978515625,2037.0
425,0.5439453125,0.40283203125,2029.0
426,0.5439453125,0.40283203125,2029.0
427,0.485595703125,0.379150390625,2029.0
428,0.485595703125,0.379150390625,2042.0
429,0.42919921875,0.3818359375,2034.0
430,0.42919921875,0.3818359375,2034.0
431,0.37548828125,0.402587890625,2032.0
432,0.37548828125,0.402587890625,2032.0
433,0.37548828125,0.402587890625,2032.0
434,0.355712890625,0.440185546875,2032.0
435,0.355712890625,0.440185546875,2040.0
436,0.35205078125,0.48388671875,2043.0
437,0.35205078125,0.48388671875,2043.0
438,0.37109375,0.525634765625,2051.0
439,0.37109375,0.525634765625,2051.0
440,0.408203125,0.557861328125,2040.0
441,0.408203125,0.557861328125,2040.0
442,0.4599609375,0.576904296875,2036.0
443,0.4599609375,0.576904296875,2036.0
444,0.51708984375,0.576904296875,2036.0
445,0.51708984375,0.576904296875,2036.0
446,0.565673828125,0.55419921875,2042.0
447,0.565673828125,0.55419921875,2032.0
448,0.597900390625,0.519775390625,2042.0
449,0.597900390625,0.519775390625,2042.0
450,0.597900390625,0.519775390625,2042.0
451,0.6025390625,0.46630859375,2057.0
452,0.6025390625,0.46630859375,2057.0
453,0.578857421875,0.42236328125,2042.0
454,0.578857421875,0.42236328125,2042.0
455,0.536376953125,0.38720703125,2037.0
456,0.536376953125,0.38720703125,2037.0
457,0.4384765625,0.376708984375,2061.0
458,0.4384765625,0.376708984375,2061.0
459,0.419677734375,0.381103515625,2041.0
460,0.419677734375,0.381103515625,2041.0
461,0.375244140625,0.408935546875,2041.0
462,0.375244140625,0.408935546875,2042.0
463,0.353515625,0.449951171875,2049.0
464,0.353515625,0.449951171875,2049.0
465,0.353515625,0.449951171875,2049.0
466,0.353515625,0.49169921875,2041.0
467,0.353515625,0.49169921875,2041.0
468,0.37548828125,0.537109375,2044.0
469,0.37548828125,0.537109375,2044.0
470,0.41943359375,0.562744140625,2030.0
471,0.41943359375,0.562744140625,2030.0
472,0.470703125,0.57861328125,2043.0
473,0.470703125,0.57861328125,2043.0
474,0.52685546875,0.572265625,2043.0
475,0.52685546875,0.572265625,2040.0
476,0.573486328125,0.549072265625,2043.0
477,0.573486328125,0.549072265625,2043.0
478,0.60107421875,0.50439453125,2056.0
479,0.60107421875,0.50439453125,2056.0
480,0.600341796875,0.455810546875,2042.0
481,0.600341796875,0.455810546875,2042.0
482,0.600341796875,0.455810546875,2042.0
483,0.5625,0.455810546875,2042.0
484,0.5234375,0.414306640625,2034.0
485,0.5234375,0.38427734375,2051.0
486,0.5234375,0.38427734375,2051.0
487,0.464111328125,0.376708984375,2043.0
488,0.464111328125,0.376708984375,2043.0
489,0.4091796875,0.38671875,2099.0
490,0.4091796875,0.38671875,2099.0
491,0.3701171875,0.41650390625,2049.0
492,0.3701171875,0.41650390625,2049.0
493,0.3515625,0.457275390625,2044.0
494,0.3515625,0.457275390625,2044.0
495,0.35986328125,0.500732421875,2048.0
496,0.35986328125,0.500732421875,2048.0
497,0.38134765625,0.539306640625,2036.0
498,0.38134765625,0.539306640625,2036.0
499,0.38134765625,0.539306640625,2036.0
500,0.42724609375,0.5693359375,2040.0
501,0.42724609375,0.5693359375,2040.0
502,0.48193359375,0.57861328125,2025.0
503,0.48193359375,0.57861328125,2025.0
504,0.538818359375,0.5693359375,2041.0
505,0.538818359375,0.5693359375,2041.0
506,0.584228515625,0.540283203125,2041.0
507,0.584228515625,0.540283203125,2037.0
508,0.60400390625,0.4951171875,2036.0
509,0.60400390625,0.4951171875,2036.0
510,0.594970703125,0.449462890625,2032.0
511,0.594970703125,0.449462890625,2032.0
512,0.562744140625,0.404541015625,2025.0
513,0.562744140625,0.404541015625,2025.0
514,0.513916015625,0.404541015625,2025.0
515,0.513916015625,0.37939453125,2041.0
516,0.513916015625,0.37939453125,2041.0
517,0.453857421875,0.374755859375,2039.0
518,0.453857421875,0.374755859375,2039.0
519,0.399169921875,0.392822265625,2037.0
520,0.399169921875,0.392822265625,2037.0
521,0.365966796875,0.42333984375,2034.0
522,0.365966796875,0.42333984375,2034.0
523,0.35107421875,0.46435546875,2032.0
524,0.35107421875,0.46435546875,2032.0
525,0.352783203125,0.508056640625,2035.0
526,0.352783203125,0.508056640625,2035.0
527,0.388916015625,0.545654296875,2035.0
528,0.388916015625,0.545654296875,2035.0
529,0.4365234375,0.56982421875,2024.0
530,0.4365234375,0.56982421875,2024.0
531,0.492919921875,0.56982421875,2024.0
532,0.492919921875,0.578857421875,2038.0
533,0.492919921875,0.578857421875,2038.0
534,0.546875,0.565673828125,2043.0
535,0.546875,0.565673828125,2043.0
536,0.586669921875,0.533935546875,2037.0
537,0.586669921875,0.533935546875,2037.0
538,0.60400390625,0.48828125,2026.0
539,0.60400390625,0.48828125,2026.0
540,0.5849609375,0.439697265625,2022.0
541,0.5849609375,0.439697265625,2022.0
542,0.558349609375,0.439697265625,2022.0
543,0.558349609375,0.39990234375,2039.0
544,0.502685546875,0.37744140625,2050.0
545,0.502685546875,0.37744140625,2050.0
546,0.444091796875,0.375,2035.0
547,0.444091796875,0.375,2035.0
548,0.383056640625,0.39404296875,2036.0
549,0.383056640625,0.39404296875,2036.0
550,0.383056640625,0.39404296875,2036.0
551,0.36083984375,0.42822265625,2032.0
552,0.36083984375,0.42822265625,2032.0
553,0.350830078125,0.4716796875,2032.0
554,0.350830078125,0.4716796875,2032.0
555,0.363525390625,0.514404296875,2041.0
556,0.363525390625,0.514404296875,2041.0
557,0.395751953125,0.55029296875,2038.0
558,0.395751953125,0.55029296875,2038.0
559,0.445556640625,0.573486328125,2059.0
560,0.445556640625,0.573486328125,2059.0
561,0.500732421875,0.573486328125,2059.0
562,0.500732421875,0.576904296875,2037.0
563,0.5556640625,0.5625,2056.0
564,0.5556640625,0.5625,2056.0
565,0.5556640625,0.5625,2056.0
566,0.5908203125,0.528076171875,2049.0
567,0.5908203125,0.528076171875,2049.0
568,0.604248046875,0.47998046875,2051.0
569,0.58837890625,0.4326171875,2051.0
570,0.58837890625,0.4326171875,2044.0
571,0.58837890625,0.4326171875,2044.0
572,0.546875,0.39453125,2056.0
573,0.546875,0.39453125,2056.0
574,0.494140625,0.375244140625,2038.0
575,0.494140625,0.375244140625,2038.0
576,0.4345703125,0.377197265625,2039.0
577,0.4345703125,0.377197265625,2039.0
578,0.3984375,0.399658203125,2043.0
579,0.3984375,0.399658203125,2043.0
580,0.35791015625,0.4375,2051.0
581,0.35791015625,0.4375,2051.0
582,0.35791015625,0.4375,2051.0
583,0.3515625,0.480224609375,2051.0
584,0.367431640625,0.480224609375,2027.0
585,0.367431640625,0.5224609375,2040.0
586,0.367431640625,0.5224609375,2040.0
587,0.40380859375,0.555908203125,2037.0
588,0.40380859375,0.555908203125,2037.0
589,0.455322265625,0.609619140625,2032.0
590,0.455322265625,0.609619140625,2032.0
591,0.512451171875,0.57568359375,2032.0
592,0.512451171875,0.57568359375,2032.0
593,0.562744140625,0.559814453125,2038.0
594,0.562744140625,0.559814453125,2038.0
595,0.5986328125,0.51904296875,2041.0
596,0.5986328125,0.51904296875,2041.0
597,0.60302734375,0.51904296875,2041.0
598,0.60302734375,0.471435546875,2038.0
599,0.60302734375,0.471435546875,2038.0
600,0.581787109375,0.424072265625,2052.0
601,0.581787109375,0.424072265625,2052.0
602,0.5380859375,0.389892578125,2044.0
603,0.5380859375,0.389892578125,2044.0
604,0.479736328125,0.374755859375,2037.0
605,0.479736328125,0.374755859375,2037.0
606,0.422607421875,0.380126953125,2034.0
607,0.422607421875,0.380126953125,2034.0
608,0.377197265625,0.380126953125,2034.0
609,0.377197265625,0.380126953125,2034.0
610,0.355712890625,0.44580078125,2050.0
611,0.355712890625,0.44580078125,2043.0
612,0.356201171875,0.49072265625,2027.0
613,0.356201171875,0.49072265625,2027.0
614,0.374755859375,0.5302734375,2049.0
615,0.374755859375,0.5302734375,2049.0
616,0.374755859375,0.5302734375,2049.0
617,0.416015625,0.56201171875,2027.0
618,0.416015625,0.56201171875,2027.0
619,0.468994140625,0.5771484375,2051.0
620,0.468994140625,0.5771484375,2051.0
621,0.52685546875,0.57373046875,2035.0
622,0.52685546875,0.57373046875,2035.0
623,0.572998046875,0.550048828125,2043.0
624,0.572998046875,0.550048828125,2043.0
625,0.600830078125,0.510498046875,2049.0
626,0.600830078125,0.510498046875,2049.0
627,0.599609375,0.45947265625,2042.0
628,0.599609375,0.45947265625,2042.0
629,0.574462890625,0.41357421875,2035.0
630,0.574462890625,0.41357421875,2035.0
631,0.5234375,0.382080078125,2037.0
632,0.5234375,0.382080078125,2037.0
633,0.5234375,0.382080078125,2037.0
634,0.46533203125,0.374755859375,2033.0
635,0.46533203125,0.374755859375,2033.0
636,0.410400390625,0.385009765625,2037.0
637,0.410400390625,0.385009765625,2037.0
638,0.3701171875,0.416015625,2038.0
639,0.3701171875,0.416015625,2038.0
640,0.351318359375,0.456787109375,2041.0
641,0.351318359375,0.456787109375,2041.0
642,0.35888671875,0.489501953125,2041.0
643,0.35888671875,0.489501953125,2041.0
644,0.3818359375,0.541748046875,2039.0
645,0.3818359375,0.541748046875,2039.0
646,0.427734375,0.570556640625,2032.0
647,0.427734375,0.570556640625,2032.0
648,0.427734375,0.570556640625,2032.0
649,0.482666015625,0.578857421875,2033.0
650,0.482666015625,0.578857421875,2033.0
651,0.538330078125,0.569091796875,2037.0
652,0.538330078125,0.569091796875,2037.0
653,0.582275390625,0.5400390625,2048.0
654,0.582275390625,0.5400390625,2048.0
655,0.604248046875,0.494873046875,2037.0
656,0.604248046875,0.494873046875,2037.0
657,0.595947265625,0.4462890625,2039.0
658,0.595947265625,0.4462890625,2039.0
659,0.561767578125,0.405517578125,2037.0
660,0.561767578125,0.405517578125,2037.0
661,0.510009765625,0.37939453125,2037.0
662,0.510009765625,0.37939453125,2021.0
663,0.451416015625,0.374755859375,2042.0
664,0.451416015625,0.374755859375,2042.0
665,0.451416015625,0.374755859375,2042.0
666,0.400390625,0.39111328125,2042.0
667,0.400390625,0.39111328125,2042.0
668,0.364013671875,0.427734375,2044.0
669,0.364013671875,0.427734375,2044.0
670,0.351318359375,0.46484375,2037.0
671,0.351318359375,0.46484375,2037.0
672,0.362060546875,0.46484375,2037.0
673,0.362060546875,0.5107421875,2037.0
674,0.391357421875,0.547607421875,2050.0
675,0.391357421875,0.547607421875,2068.0
676,0.43896484375,0.572265625,2040.0
677,0.43896484375,0.572265625,2040.0
678,0.49560546875,0.57763671875,2040.0
679,0.49560546875,0.57763671875,2040.0
680,0.49560546875,0.57763671875,2040.0
681,0.49560546875,0.57763671875,2040.0
682,0.55029296875,0.558837890625,2042.0
683,0.58935546875,0.531494140625,2038.0
684,0.58935546875,0.531494140625,2038.0
685,0.604736328125,0.43359375,2043.0
686,0.604736328125,0.43359375,2043.0
687,0.59033203125,0.43603515625,2044.0
688,0.59033203125,0.43603515625,2044.0
689,0.552001953125,0.396728515625,2030.0
690,0.552001953125,0.396728515625,2030.0
691,0.495361328125,0.376220703125,2044.0
692,0.495361328125,0.376220703125,2044.0
693,0.437744140625,0.376953125,2031.0
694,0.437744140625,0.376953125,2031.0
695,0.3876953125,0.395751953125,2032.0
696,0.3876953125,0.395751953125,2032.0
697,0.3583984375,0.4345703125,2029.0
698,0.3583984375,0.4345703125,2029.0
699,0.3583984375,0.4345703125,2029.0
700,0.35107421875,0.47802734375,2035.0
701,0.35107421875,0.47802734375,2035.0
702,0.3671875,0.52294921875,2033.0
703,0.3671875,0.52294921875,2033.0
704,0.401123046875,0.55517578125,2037.0
705,0.46240234375,0.574951171875,2037.0
706,0.46240234375,0.574951171875,2035.0
707,0.46240234375,0.574951171875,2035.0
708,0.51123046875,0.578125,2035.0
709,0.51123046875,0.578125,2035.0
710,0.560546875,0.555908203125,2041.0
711,0.560546875,0.555908203125,2041.0
712,0.5947265625,0.524169921875,2041.0
713,0.5947265625,0.524169921875,2041.0
714,0.603515625,0.474853515625,2028.0
715,0.603515625,0.474853515625,2028.0
716,0.603515625,0.474853515625,2028.0
717,0.583984375,0.429443359375,2049.0
718,0.583984375,0.429443359375,2049.0
719,0.540283203125,0.39111328125,2030.0
720,0.540283203125,0.39111328125,2030.0
721,0.485595703125,0.375,2050.0
722,0.485595703125,0.375,2050.0
723,0.4267578125,0.3701171875,2038.0
724,0.4267578125,0.3701171875,2038.0
725,0.37939453125,0.403564453125,2048.0
726,0.37939453125,0.403564453125,2048.0
727,0.344482421875,0.44482421875,2042.0
728,0.344482421875,0.44482421875,2042.0
729,0.3544921875,0.4873046875,2027.0
730,0.3544921875,0.4873046875,2027.0
731,0.3544921875,0.4873046875,2027.0
732,0.373291015625,0.526611328125,2032.0
733,0.373291015625,0.526611328125,2032.0
734,0.41064453125,0.559814453125,2032.0
735,0.461669921875,0.559814453125,2036.0
736,0.461669921875,0.5771484375,2056.0
737,0.461669921875,0.5771484375,2056.0
738,0.519775390625,0.57763671875,2050.0
739,0.519775390625,0.57763671875,2050.0
740,0.568359375,0.55224609375,2049.0
741,0.568359375,0.55224609375,2049.0
742,0.599853515625,0.514892578125,2041.0
743,0.599853515625,0.514892578125,2041.0
744,0.608642578125,0.462646484375,2085.0
745,0.608642578125,0.462646484375,2085.0
746,0.575927734375,0.420166015625,2032.0
747,0.575927734375,0.420166015625,2032.0
748,0.575927734375,0.420166015625,2032.0
749,0.530029296875,0.389404296875,2042.0
750,0.530029296875,0.389404296875,2042.0
751,0.47265625,0.374755859375,2067.0
752,0.416015625,0.3828125,2067.0
753,0.416015625,0.3828125,2042.0
754,0.416015625,0.3828125,2042.0
755,0.374755859375,0.413330078125,2035.0
756,0.374755859375,0.413330078125,2035.0
757,0.35302734375,0.4521484375,2037.0
758,0.35302734375,0.4521484375,2037.0
759,0.35498046875,0.494384765625,2034.0
760,0.35498046875,0.494384765625,2034.0
761,0.377197265625,0.533935546875,2026.0
762,0.377197265625,0.533935546875,2026.0
763,0.421142578125,0.5625,2026.0
764,0.421142578125,0.5625,2026.0
765,0.4736328125,0.57763671875,2048.0
766,0.4736328125,0.57763671875,2048.0
767,0.4736328125,0.57763671875,2048.0
768,0.5302734375,0.57763671875,2048.0
769,0.576416015625,0.572998046875,2042.0
770,0.576416015625,0.547607421875,2036.0
771,0.576416015625,0.547607421875,2036.0
772,0.604736328125,0.50390625,2031.0
773,0.604736328125,0.50390625,2031.0
774,0.599609375,0.4541015625,2038.0
775,0.599609375,0.4541015625,2038.0
776,0.568603515625,0.410888671875,2042.0
777,0.568603515625,0.410888671875,2042.0
778,0.521728515625,0.3818359375,2041.0
779,0.521728515625,0.3818359375,2041.0
780,0.421875,0.374755859375,2037.0
781,0.421875,0.374755859375,2037.0
782,0.421875,0.374755859375,2037.0
783,0.404541015625,0.374755859375,2037.0
784,0.404541015625,0.387451171875,2048.0
785,0.36962890625,0.418212890625,2035.0
786,0.36962890625,0.418212890625,2035.0
787,0.35107421875,0.4609375,2040.0
788,0.35107421875,0.4609375,2040.0
789,0.358642578125,0.50634765625,2049.0
790,0.358642578125,0.50634765625,2049.0
791,0.38427734375,0.542236328125,2050.0
792,0.38427734375,0.542236328125,2050.0
793,0.4306640625,0.5693359375,2036.0
794,0.4306640625,0.5693359375,2036.0
795,0.48681640625,0.57861328125,2044.0
796,0.48681640625,0.57861328125,2044.0
797,0.54248046875,0.5673828125,2038.0
798,0.54248046875,0.5673828125,2038.0
799,0.54248046875,0.5673828125,2038.0
800,0.58544921875,0.540283203125,2037.0
801,0.60400390625,0.491943359375,2042.0
802,0.60400390625,0.491943359375,2042.0
803,0.5947265625,0.491943359375,2042.0
804,0.5947265625,0.445556640625,2050.0
805,0.5947265625,0.445556640625,2050.0
806,0.55810546875,0.403076171875,2042.0
807,0.55810546875,0.403076171875,2042.0
808,0.505859375,0.377197265625,2038.0
809,0.505859375,0.377197265625,2038.0
810,0.44580078125,0.375244140625,2035.0
811,0.44580078125,0.375244140625,2035.0
812,0.3955078125,0.39404296875,2038.0
813,0.3955078125,0.39404296875,2038.0
814,0.362060546875,0.428466796875,2039.0
815,0.362060546875,0.428466796875,2039.0
816,0.362060546875,0.428466796875,2039.0
817,0.350830078125,0.474609375,2059.0
818,0.350830078125,0.474609375,2059.0
819,0.363525390625,0.51708984375,2050.0
820,0.363525390625,0.51708984375,2050.0
821,0.393798828125,0.528076171875,2021.0
822,0.393798828125,0.528076171875,2021.0
823,0.445068359375,0.58349609375,2042.0
824,0.445068359375,0.58349609375,2042.0
825,0.502197265625,0.578857421875,2040.0
826,0.502197265625,0.578857421875,2040.0
827,0.5546875,0.5615234375,2026.0
828,0.5546875,0.5615234375,2026.0
829,0.59228515625,0.52783203125,2043.0
830,0.59228515625,0.52783203125,2043.0
831,0.59228515625,0.52783203125,2043.0
832,0.603759765625,0.477294921875,2042.0
833,0.603759765625,0.477294921875,2042.0
834,0.586669921875,0.422607421875,2030.0
835,0.586669921875,0.422607421875,2030.0
836,0.545654296875,0.39306640625,2032.0
837,0.545654296875,0.39306640625,2032.0
838,0.488525390625,0.375244140625,2032.0
839,0.488525390625,0.375244140625,2032.0
840,0.43115234375,0.380859375,2037.0
841,0.43115234375,0.380859375,2037.0
842,0.3828125,0.401611328125,2038.0
843,0.3828125,0.401611328125,2038.0
844,0.3828125,0.401611328125,2038.0
845,0.356201171875,0.43994140625,2037.0
846,0.352294921875,0.486328125,2030.0
847,0.352294921875,0.486328125,2030.0
848,0.371337890625,0.52685546875,2036.0
849,0.371337890625,0.52685546875,2036.0
850,0.371337890625,0.52685546875,2036.0
851,0.408447265625,0.55810546875,2049.0
852,0.408447265625,0.55810546875,2049.0
853,0.463623046875,0.5771484375,2029.0
854,0.463623046875,0.5771484375,2029.0
855,0.51806640625,0.5751953125,2032.0
856,0.51806640625,0.5751953125,2032.0
857,0.568359375,0.552978515625,2050.0
858,0.568359375,0.552978515625,2050.0
859,0.598388671875,0.513671875,2035.0
860,0.598388671875,0.513671875,2035.0
861,0.601806640625,0.46533203125,2029.0
862,0.601806640625,0.46533203125,2029.0
863,0.5791015625,0.46533203125,2029.0
864,0.5791015625,0.46533203125,2029.0
865,0.52783203125,0.418212890625,2035.0
866,0.52783203125,0.3876953125,2035.0
867,0.470947265625,0.3876953125,2052.0
868,0.470947265625,0.374755859375,2038.0
869,0.470947265625,0.374755859375,2038.0
870,0.41552734375,0.382568359375,2033.0
871,0.41552734375,0.382568359375,2033.0
872,0.374755859375,0.41162109375,2032.0
873,0.374755859375,0.41162109375,2032.0
874,0.352783203125,0.447509765625,2053.0
875,0.352783203125,0.447509765625,2053.0
876,0.35546875,0.495361328125,2049.0
877,0.35546875,0.495361328125,2049.0
878,0.374755859375,0.53564453125,2035.0
879,0.374755859375,0.53564453125,2035.0
880,0.42236328125,0.56494140625,2033.0
881,0.42236328125,0.56494140625,2033.0
882,0.42236328125,0.56494140625,2033.0
883,0.478515625,0.56494140625,2033.0
884,0.478515625,0.57861328125,2049.0
885,0.53466796875,0.570556640625,2043.0
886,0.53466796875,0.570556640625,2043.0
887,0.58154296875,0.543212890625,2033.0
888,0.58154296875,0.543212890625,2033.0
889,0.603759765625,0.498291015625,2051.0
890,0.603759765625,0.498291015625,2051.0
891,0.5888671875,0.44921875,2019.0
892,0.5888671875,0.44921875,2019.0
893,0.564697265625,0.44921875,2019.0
894,0.564697265625,0.44921875,2019.0
895,0.513671875,0.381103515625,2030.0
896,0.513671875,0.381103515625,2040.0
897,0.456298828125,0.374755859375,2028.0
898,0.456298828125,0.374755859375,2028.0
899,0.456298828125,0.374755859375,2028.0
900,0.40283203125,0.41357421875,2027.0
901,0.40283203125,0.41357421875,2027.0
902,0.36376953125,0.424072265625,2036.0
903,0.36376953125,0.424072265625,2036.0
904,0.350341796875,0.46533203125,2037.0
905,0.350341796875,0.46533203125,2037.0
906,0.36279296875,0.51171875,2037.0
907,0.36279296875,0.51171875,2037.0
908,0.390869140625,0.548095703125,2048.0
909,0.390869140625,0.548095703125,2048.0
910,0.440185546875,0.57177734375,2043.0
911,0.440185546875,0.57177734375,2043.0
912,0.494873046875,0.57177734375,2043.0
913,0.494873046875,0.58544921875,2042.0
914,0.494873046875,0.58544921875,2042.0
915,0.55126953125,0.56396484375,2040.0
916,0.55126953125,0.56396484375,2040.0
917,0.58935546875,0.53125,2034.0
918,0.58935546875,0.53125,2034.0
919,0.6044921875,0.48291015625,2026.0
920,0.6044921875,0.48291015625,2026.0
921,0.5908203125,0.43505859375,2035.0
922,0.5908203125,0.43505859375,2035.0
923,0.54541015625,0.396240234375,2038.0
924,0.54541015625,0.396240234375,2038.0
925,0.54541015625,0.396240234375,2038.0
926,0.54541015625,0.396240234375,2038.0
927,0.436279296875,0.37744140625,2032.0
928,0.436279296875,0.37744140625,2052.0
929,0.3857421875,0.398681640625,2052.0
930,0.3857421875,0.398681640625,2052.0
931,0.357666015625,0.435791015625,2040.0
932,0.357666015625,0.435791015625,2038.0
933,0.34912109375,0.479736328125,2038.0
934,0.34912109375,0.479736328125,2050.0
935,0.34912109375,0.479736328125,2050.0
936,0.36865234375,0.52099609375,2036.0
937,0.404541015625,0.52099609375,2036.0
938,0.404541015625,0.55615234375,2032.0
939,0.404541015625,0.55615234375,2032.0
940,0.45654296875,0.57666015625,2043.0
941,0.45654296875,0.57666015625,2043.0
942,0.51416015625,0.576904296875,2042.0
943,0.51416015625,0.576904296875,2042.0
944,0.564697265625,0.5556640625,2031.0
945,0.564697265625,0.5556640625,2031.0
946,0.60009765625,0.5166015625,2027.0
947,0.60009765625,0.5166015625,2027.0
948,0.60009765625,0.5166015625,2027.0
949,0.61279296875,0.467529296875,2034.0
950,0.61279296875,0.467529296875,2034.0
951,0.576171875,0.42041015625,2028.0
952,0.576171875,0.42041015625,2028.0
953,0.5341796875,0.389892578125,2054.0
954,0.5341796875,0.389892578125,2054.0
955,0.47509765625,0.374755859375,2043.0
956,0.47509765625,0.374755859375,2043.0
957,0.423095703125,0.3818359375,2030.0
958,0.423095703125,0.3818359375,2030.0
959,0.377197265625,0.409423828125,2037.0
960,0.377197265625,0.409423828125,2037.0
961,0.35302734375,0.449462890625,2056.0
962,0.35302734375,0.449462890625,2056.0
963,0.342529296875,0.49267578125,2038.0
964,0.342529296875,0.49267578125,2038.0
965,0.342529296875,0.49267578125,2038.0
966,0.377197265625,0.53564453125,2043.0
967,0.377197265625,0.53564453125,2043.0
968,0.418701171875,0.56494140625,2043.0
969,0.418701171875,0.56494140625,2043.0
970,0.473876953125,0.578857421875,2051.0
971,0.473876953125,0.578857421875,2051.0
972,0.530517578125,0.572265625,2051.0
973,0.530517578125,0.572265625,2051.0
974,0.57568359375,0.54638671875,2051.0
975,0.57568359375,0.54638671875,2051.0
976,0.601806640625,0.504638671875,2049.0
977,0.601806640625,0.504638671875,2049.0
978,0.597900390625,0.45263671875,2049.0
979,0.597900390625,0.45263671875,2049.0
980,0.56787109375,0.408935546875,2037.0
981,0.56787109375,0.408935546875,2037.0
982,0.56787109375,0.408935546875,2037.0
983,0.517822265625,0.3818359375,2052.0
984,0.517822265625,0.3818359375,2052.0
985,0.458251953125,0.374755859375,2050.0
986,0.458251953125,0.374755859375,2050.0
987,0.4033203125,0.388916015625,2033.0
988,0.4033203125,0.388916015625,2033.0
989,0.3671875,0.4208984375,2041.0
990,0.3671875,0.4208984375,2041.0
991,0.35205078125,0.463134765625,2035.0
992,0.35205078125,0.463134765625,2035.0
993,0.35888671875,0.5068359375,2054.0
994,0.35888671875,0.5068359375,2054.0
995,0.387939453125,0.5068359375,2054.0
996,0.387939453125,0.54443359375,2054.0
997,0.434814453125,0.56982421875,2040.0
998,0.434814453125,0.56982421875,2062.0
999,0.434814453125,0.56982421875,2062.0
1000,0.492431640625,0.571533203125,2033.0
1001,0.492431640625,0.571533203125,2033.0
1002,0.548095703125,0.56591796875,2033.0
1003,0.5869140625,0.56591796875,2016.0
1004,0.5869140625,0.537109375,2036.0
1005,0.5869140625,0.537109375,2036.0
1006,0.604736328125,0.4873046875,2053.0
1007,0.604736328125,0.4873046875,2053.0
1008,0.591552734375,0.4384765625,2036.0
1009,0.591552734375,0.4384765625,2036.0
1010,0.556640625,0.397705078125,2064.0
1011,0.556640625,0.397705078125,2064.0
1012,0.49853515625,0.376953125,2040.0
1013,0.49853515625,0.376953125,2040.0
1014,0.49853515625,0.376953125,2040.0
1015,0.44091796875,0.37646484375,2004.0
1016,0.44091796875,0.37646484375,2004.0
1017,0.389892578125,0.37646484375,2004.0
1018,0.389892578125,0.396728515625,2031.0
1019,0.35986328125,0.435546875,2041.0
1020,0.35986328125,0.435546875,2041.0
1021,0.35205078125,0.4765625,2036.0
1022,0.35205078125,0.4765625,2036.0
1023,0.3671875,0.51904296875,2051.0
1024,0.3671875,0.51904296875,2051.0
1025,0.4013671875,0.553466796875,2048.0
1026,0.4013671875,0.553466796875,2048.0
1027,0.451904296875,0.574951171875,2041.0
1028,0.451904296875,0.574951171875,2041.0
1029,0.509033203125,0.57763671875,2040.0
1030,0.509033203125,0.57763671875,2040.0
1031,0.509033203125,0.57763671875,2040.0
1032,0.493408203125,0.5615234375,2034.0
1033,0.493408203125,0.5615234375,2034.0
1034,0.595947265625,0.5615234375,2034.0
1035,0.595947265625,0.521240234375,2032.0
1036,0.603515625,0.4716796875,2050.0
1037,0.5869140625,0.4716796875,2050.0
1038,0.5869140625,0.425048828125,2050.0
1039,0.5869140625,0.425048828125,2050.0
1040,0.53955078125,0.389404296875,2049.0
1041,0.53955078125,0.389404296875,2049.0
1042,0.479736328125,0.374755859375,2042.0
1043,0.479736328125,0.374755859375,2042.0
1044,0.479736328125,0.374755859375,2042.0
1045,0.479736328125,0.374755859375,2042.0
1046,0.37646484375,0.380126953125,2043.0
1047,0.37646484375,0.406494140625,2044.0
1048,0.37646484375,0.406494140625,2044.0
1049,0.354248046875,0.445068359375,2028.0
1050,0.354248046875,0.445068359375,2028.0
1051,0.352783203125,0.489501953125,2041.0
1052,0.352783203125,0.489501953125,2041.0
1053,0.374755859375,0.5234375,2024.0
1054,0.374755859375,0.5234375,2024.0
1055,0.415283203125,0.5234375,2024.0
1056,0.415283203125,0.5615234375,2024.0
1057,0.468505859375,0.58056640625,2049.0
1058,0.468505859375,0.58056640625,2049.0
1059,0.525390625,0.57275390625,2023.0
1060,0.525390625,0.57275390625,2023.0
1061,0.5751953125,0.548095703125,2034.0
1062,0.5751953125,0.548095703125,2034.0
1063,0.600830078125,0.507080078125,2048.0
1064,0.600830078125,0.507080078125,2048.0
1065,0.600830078125,0.507080078125,2048.0
1066,0.599853515625,0.459228515625,2030.0
1067,0.599853515625,0.459228515625,2030.0
1068,0.572998046875,0.411376953125,2043.0
1069,0.572998046875,0.411376953125,2043.0
1070,0.521728515625,0.382080078125,2027.0
1071,0.521728515625,0.382080078125,2027.0
1072,0.4619140625,0.374755859375,2037.0
1073,0.4619140625,0.374755859375,2037.0
1074,0.40576171875,0.387451171875,2037.0
1075,0.40576171875,0.387451171875,2037.0
1076,0.36865234375,0.421142578125,2049.0
1077,0.36865234375,0.421142578125,2049.0
1078,0.3505859375,0.459716796875,2057.0
1079,0.3505859375,0.459716796875,2057.0
1080,0.360595703125,0.5029296875,2027.0
1081,0.360595703125,0.5029296875,2027.0
1082,0.360595703125,0.5029296875,2027.0
1083,0.385009765625,0.542724609375,2053.0
1084,0.385009765625,0.542724609375,2053.0
1085,0.431640625,0.5693359375,2041.0
1086,0.431640625,0.5693359375,2041.0
1087,0.48779296875,0.57861328125,2049.0
1088,0.48779296875,0.57861328125,2049.0
1089,0.5439453125,0.568359375,2036.0
1090,0.5439453125,0.568359375,2036.0
1091,0.587158203125,0.537353515625,2036.0
1092,0.587158203125,0.537353515625,2025.0
1093,0.60400390625,0.48876953125,2025.0
1094,0.60400390625,0.48876953125,2025.0
1095,0.5927734375,0.440185546875,2043.0
1096,0.5927734375,0.440185546875,2043.0
1097,0.557373046875,0.3994140625,2032.0
1098,0.557373046875,0.3994140625,2032.0
1099,0.557373046875,0.3994140625,2032.0
1100,0.500732421875,0.37646484375,2027.0
1101,0.500732421875,0.37646484375,2027.0
1102,0.443359375,0.377197265625,2027.0
1103,0.443359375,0.377197265625,2027.0
1104,0.39208984375,0.397705078125,2030.0
1105,0.39208984375,0.397705078125,2030.0
1106,0.361083984375,0.4228515625,2051.0
1107,0.361083984375,0.4228515625,2051.0
1108,0.351318359375,0.496826171875,2038.0
1109,0.351318359375,0.496826171875,2038.0
1110,0.3642578125,0.496826171875,2038.0
1111,0.3642578125,0.496826171875,2038.0
1112,0.400390625,0.55322265625,2043.0
1113,0.400390625,0.55322265625,2037.0
1114,0.400390625,0.55322265625,2037.0
1115,0.451171875,0.574462890625,2037.0
1116,0.451171875,0.574462890625,2037.0
1117,0.505859375,0.577392578125,2040.0
1118,0.505859375,0.577392578125,2040.0
1119,0.505859375,0.577392578125,2040.0
1120,0.558837890625,0.55908203125,2042.0
1121,0.5947265625,0.52294921875,2036.0
1122,0.5947265625,0.52294921875,2036.0
1123,0.60791015625,0.4765625,2040.0
1124,0.60791015625,0.4765625,2040.0
1125,0.5859375,0.427001953125,2035.0
1126,0.5859375,0.427001953125,2035.0
1127,0.54638671875,0.393798828125,2035.0
1128,0.54638671875,0.393798828125,2032.0
1129,0.48388671875,0.374755859375,2053.0
1130,0.48388671875,0.374755859375,2053.0
1131,0.48388671875,0.374755859375,2053.0
1132,0.42724609375,0.37939453125,2043.0
1133,0.42724609375,0.37939453125,2043.0
1134,0.38037109375,0.404296875,2057.0
1135,0.38037109375,0.404296875,2057.0
1136,0.35498046875,0.442626953125,2060.0
1137,0.35498046875,0.442626953125,2060.0
1138,0.35546875,0.487060546875,2040.0
1139,0.35546875,0.487060546875,2040.0
1140,0.372802734375,0.5263671875,2028.0
1141,0.372802734375,0.5263671875,2028.0
1142,0.410400390625,0.559326171875,2044.0
1143,0.410400390625,0.559326171875,2044.0
1144,0.463623046875,0.559326171875,2044.0
1145,0.463623046875,0.57568359375,2049.0
1146,0.5205078125,0.57373046875,2040.0
1147,0.5205078125,0.57373046875,2040.0
1148,0.5205078125,0.57373046875,2040.0
1149,0.56982421875,0.551513671875,2032.0
1150,0.56982421875,0.551513671875,2032.0
1151,0.60205078125,0.511962890625,2034.0
1152,0.60205078125,0.511962890625,2034.0
1153,0.601806640625,0.460693359375,2032.0
1154,0.601806640625,0.460693359375,2032.0
1155,0.57666015625,0.41552734375,2041.0
1156,0.57666015625,0.41552734375,2041.0
1157,0.527587890625,0.384765625,2042.0
1158,0.527587890625,0.384765625,2042.0
1159,0.4697265625,0.374755859375,2042.0
1160,0.4697265625,0.374755859375,2054.0
1161,0.41455078125,0.385498046875,2028.0
1162,0.41455078125,0.385498046875,2028.0
1163,0.373779296875,0.41357421875,2033.0
1164,0.373779296875,0.41357421875,2033.0
1165,0.373779296875,0.41357421875,2033.0
1166,0.35205078125,0.45361328125,2043.0
1167,0.35205078125,0.45361328125,2043.0
1168,0.35546875,0.49609375,2035.0
1169,0.35546875,0.49609375,2035.0
1170,0.378662109375,0.536376953125,2037.0
1171,0.378662109375,0.536376953125,2037.0
1172,0.42138671875,0.565673828125,2032.0
1173,0.42138671875,0.565673828125,2032.0
1174,0.42138671875,0.565673828125,2032.0
1175,0.47998046875,0.565673828125,2032.0
1176,0.47998046875,0.5791015625,2032.0
1177,0.533203125,0.5732421875,2033.0
1178,0.579345703125,0.550048828125,2042.0
1179,0.579345703125,0.550048828125,2042.0
1180,0.579345703125,0.550048828125,2042.0
1181,0.604736328125,0.500244140625,2034.0
1182,0.604736328125,0.500244140625,2034.0
1183,0.597412109375,0.45068359375,2033.0
1184,0.597412109375,0.45068359375,2033.0
1185,0.5654296875,0.40771484375,2038.0
1186,0.5654296875,0.40771484375,2038.0
1187,0.514404296875,0.3798828125,2044.0
1188,0.514404296875,0.3798828125,2044.0
1189,0.4560546875,0.384033203125,2032.0
1190,0.4560546875,0.384033203125,2032.0
1191,0.402587890625,0.3876953125,2036.0
1192,0.402587890625,0.3876953125,2036.0
1193,0.3681640625,0.3876953125,2036.0
1194,0.3681640625,0.421875,2040.0
1195,0.353515625,0.464599609375,2016.0
1196,0.353515625,0.464599609375,2016.0
1197,0.353515625,0.464599609375,2016.0
1198,0.36181640625,0.5068359375,2044.0
1199,0.36181640625,0.5068359375,2044.0
1200,0.387451171875,0.54345703125,2044.0
1201,0.387451171875,0.54345703125,2033.0
1202,0.43408203125,0.569580078125,2038.0
1203,0.43408203125,0.569580078125,2038.0
1204,0.490234375,0.580322265625,2055.0
1205,0.490234375,0.580322265625,2055.0
1206,0.544921875,0.568603515625,2048.0
1207,0.544921875,0.568603515625,2048.0
1208,0.58984375,0.535400390625,2052.0
1209,0.58984375,0.535400390625,2052.0
1210,0.604248046875,0.488525390625,2040.0
1211,0.604248046875,0.488525390625,2040.0
1212,0.592529296875,0.440185546875,2035.0
1213,0.592529296875,0.440185546875,2035.0
1214,0.592529296875,0.440185546875,2035.0
1215,0.55615234375,0.401123046875,2062.0
1216,0.55615234375,0.401123046875,2062.0
1217,0.503662109375,0.37890625,2042.0
1218,0.503662109375,0.37890625,2042.0
1219,0.443603515625,0.376220703125,2050.0
1220,0.443603515625,0.376220703125,2050.0
1221,0.38720703125,0.395263671875,2030.0
1222,0.38720703125,0.395263671875,2030.0
1223,0.361328125,0.4306640625,2043.0
1224,0.361328125,0.4306640625,2043.0
1225,0.35107421875,0.4306640625,2043.0
1226,0.35107421875,0.4306640625,2043.0
1227,0.366943359375,0.514892578125,2042.0
1228,0.366943359375,0.514892578125,2048.0
1229,0.396484375,0.553955078125,2065.0
1230,0.396484375,0.553955078125,2065.0
1231,0.396484375,0.553955078125,2065.0
1232,0.396484375,0.553955078125,2065.0
1233,0.446533203125,0.574951171875,2043.0
1234,0.503662109375,0.579833984375,2043.0
1235,0.557861328125,0.579833984375,2060.0
1236,0.557861328125,0.56201171875,2057.0
1237,0.557861328125,0.56201171875,2057.0
1238,0.557861328125,0.56201171875,2057.0
1239,0.5927734375,0.56201171875,2057.0
1240,0.603759765625,0.4775390625,2040.0
1241,0.603759765625,0.4775390625,2040.0
1242,0.58837890625,0.429443359375,2036.0
1243,0.58837890625,0.429443359375,2036.0
1244,0.54443359375,0.392822265625,2039.0
1245,0.54443359375,0.392822265625,2039.0
1246,0.48681640625,0.374755859375,2050.0
1247,0.48681640625,0.374755859375,2050.0
1248,0.48681640625,0.374755859375,2050.0
1249,0.4306640625,0.37744140625,2040.0
1250,0.4306640625,0.37744140625,2040.0
1251,0.383056640625,0.40185546875,2049.0
1252,0.383056640625,0.40185546875,2049.0
1253,0.356689453125,0.441650390625,2042.0
1254,0.356689453125,0.441650390625,2042.0
1255,0.3525390625,0.48046875,2042.0
1256,0.3525390625,0.48046875,2042.0
1257,0.370849609375,0.52490234375,2053.0
1258,0.370849609375,0.52490234375,2053.0
1259,0.40771484375,0.547607421875,2052.0
1260,0.40771484375,0.547607421875,2052.0
1261,0.458984375,0.576416015625,2034.0
1262,0.458984375,0.576416015625,2034.0
1263,0.458984375,0.576416015625,2034.0
1264,0.51611328125,0.57763671875,2027.0
1265,0.51611328125,0.57763671875,2027.0
1266,0.565673828125,0.5546875,2042.0
1267,0.565673828125,0.5546875,2042.0
1268,0.597900390625,0.51513671875,2049.0
1269,0.597900390625,0.51513671875,2049.0
1270,0.607421875,0.466064453125,2048.0
1271,0.607421875,0.466064453125,2048.0
1272,0.5771484375,0.4208984375,2048.0
1273,0.5771484375,0.4208984375,2038.0
1274,0.533203125,0.387939453125,2048.0
1275,0.533203125,0.387939453125,2048.0
1276,0.475830078125,0.374755859375,2053.0
1277,0.475830078125,0.374755859375,2053.0
1278,0.4189453125,0.382080078125,2040.0
1279,0.4189453125,0.382080078125,2040.0
1280,0.4189453125,0.382080078125,2040.0
1281,0.374755859375,0.409423828125,2031.0
1282,0.374755859375,0.409423828125,2031.0
1283,0.352294921875,0.449462890625,2049.0
1284,0.352294921875,0.449462890625,2049.0
1285,0.354248046875,0.492919921875,2054.0
1286,0.354248046875,0.492919921875,2054.0
1287,0.375732421875,0.53369140625,2029.0
1288,0.375732421875,0.53369140625,2029.0
1289,0.417236328125,0.565673828125,2048.0
1290,0.417236328125,0.565673828125,2048.0
1291,0.467041015625,0.578369140625,2037.0
1292,0.467041015625,0.578369140625,2037.0
1293,0.528564453125,0.574462890625,2049.0
1294,0.528564453125,0.574462890625,2049.0
1295,0.57470703125,0.547607421875,2038.0
1296,0.57470703125,0.547607421875,2038.0
1297,0.57470703125,0.547607421875,2038.0
1298,0.602294921875,0.50439453125,2034.0
1299,0.602294921875,0.50439453125,2034.0
1300,0.60107421875,0.458251953125,2034.0
1301,0.60107421875,0.458251953125,2034.0
1302,0.571533203125,0.412353515625,2049.0
1303,0.571533203125,0.412353515625,2049.0
1304,0.520751953125,0.383056640625,2049.0
1305,0.520751953125,0.383056640625,2040.0
1306,0.462890625,0.374755859375,2040.0
1307,0.462890625,0.374755859375,2040.0
1308,0.40869140625,0.38623046875,2043.0
1309,0.40869140625,0.38623046875,2043.0
1310,0.37109375,0.41650390625,2041.0
1311,0.37109375,0.41650390625,2041.0
1312,0.353515625,0.457275390625,2050.0
1313,0.353515625,0.457275390625,2050.0
1314,0.353515625,0.457275390625,2050.0
1315,0.358154296875,0.502197265625,2013.0
1316,0.358154296875,0.502197265625,2013.0
1317,0.384765625,0.53955078125,2013.0
1318,0.440673828125,0.53955078125,2043.0
1319,0.440673828125,0.567626953125,2038.0
1320,0.440673828125,0.567626953125,2038.0
1321,0.484619140625,0.578125,2028.0
1322,0.484619140625,0.578125,2028.0
1323,0.53759765625,0.56982421875,2040.0
1324,0.53759765625,0.56982421875,2040.0
1325,0.58056640625,0.56982421875,2040.0
1326,0.58056640625,0.54345703125,2060.0
1327,0.603759765625,0.496337890625,2044.0
1328,0.603759765625,0.496337890625,2044.0
1329,0.593017578125,0.44775390625,2032.0
1330,0.593017578125,0.44775390625,2032.0
1331,0.593017578125,0.44775390625,2032.0
1332,0.567626953125,0.40576171875,2025.0
1333,0.567626953125,0.40576171875,2025.0
1334,0.513671875,0.38134765625,2049.0
1335,0.513671875,0.38134765625,2049.0
1336,0.45556640625,0.374755859375,2054.0
1337,0.45556640625,0.374755859375,2054.0
1338,0.402587890625,0.38720703125,2053.0
1339,0.402587890625,0.38720703125,2053.0
1340,0.3662109375,0.42138671875,2053.0
1341,0.3662109375,0.42138671875,2053.0
1342,0.35107421875,0.42138671875,2053.0
1343,0.35107421875,0.42138671875,2053.0
1344,0.359130859375,0.506103515625,2029.0
1345,0.359130859375,0.506103515625,2043.0
1346,0.38623046875,0.543701171875,2040.0
1347,0.38623046875,0.543701171875,2040.0
1348,0.38623046875,0.543701171875,2040.0
1349,0.432861328125,0.57421875,2040.0
1350,0.488525390625,0.578857421875,2044.0
1351,0.488525390625,0.578857421875,2032.0
1352,0.488525390625,0.578857421875,2032.0
1353,0.488525390625,0.578857421875,2032.0
1354,0.5458984375,0.56689453125,2032.0
1355,0.583984375,0.53759765625,2049.0
1356,0.583984375,0.53759765625,2049.0
1357,0.603515625,0.491455078125,2035.0
1358,0.603515625,0.491455078125,2035.0
1359,0.595703125,0.44287109375,2036.0
1360,0.595703125,0.44287109375,2036.0
1361,0.560546875,0.402587890625,2056.0
1362,0.560546875,0.402587890625,2056.0
1363,0.560546875,0.402587890625,2056.0
1364,0.508056640625,0.382568359375,2037.0
1365,0.508056640625,0.382568359375,2037.0
1366,0.4501953125,0.377197265625,2041.0
1367,0.4501953125,0.377197265625,2041.0
1368,0.397705078125,0.391357421875,2032.0
1369,0.397705078125,0.391357421875,2032.0
1370,0.364013671875,0.4248046875,2040.0
1371,0.364013671875,0.4248046875,2040.0
1372,0.353515625,0.467041015625,2028.0
1373,0.353515625,0.467041015625,2028.0
1374,0.36083984375,0.510009765625,2034.0
1375,0.36083984375,0.510009765625,2034.0
1376,0.38916015625,0.546875,2033.0
1377,0.38916015625,0.546875,2033.0
1378,0.435791015625,0.56982421875,2049.0
1379,0.435791015625,0.56982421875,2049.0
1380,0.435791015625,0.56982421875,2049.0
1381,0.491455078125,0.578125,2036.0
1382,0.491455078125,0.578125,2036.0
1383,0.545654296875,0.565185546875,2041.0
1384,0.545654296875,0.565185546875,2041.0
1385,0.59130859375,0.53466796875,2036.0
1386,0.59130859375,0.53466796875,2036.0
1387,0.59326171875,0.488525390625,2036.0
1388,0.59326171875,0.488525390625,2032.0
1389,0.59375,0.44140625,2037.0
1390,0.59375,0.44140625,2037.0
1391,0.559326171875,0.40087890625,2038.0
1392,0.559326171875,0.40087890625,2038.0
1393,0.505126953125,0.34716796875,2032.0
1394,0.505126953125,0.34716796875,2032.0
1395,0.44921875,0.375732421875,2020.0
1396,0.44921875,0.375732421875,2020.0
1397,0.44921875,0.375732421875,2020.0
1398,0.3955078125,0.39306640625,2035.0
1399,0.3955078125,0.39306640625,2035.0
1400,0.36474609375,0.42822265625,2036.0
1401,0.36474609375,0.42822265625,2036.0
1402,0.350830078125,0.4697265625,2042.0
1403,0.350830078125,0.4697265625,2042.0
1404,0.3623046875,0.51513671875,2039.0
1405,0.3623046875,0.51513671875,2039.0
1406,0.391845703125,0.54833984375,2039.0
1407,0.391845703125,0.54833984375,2041.0
1408,0.43994140625,0.5263671875,2049.0
1409,0.43994140625,0.5263671875,2049.0
1410,0.49609375,0.5810546875,2037.0
1411,0.49609375,0.5810546875,2037.0
1412,0.550048828125,0.56494140625,2040.0
1413,0.550048828125,0.56494140625,2040.0
1414,0.550048828125,0.56494140625,2040.0
1415,0.589111328125,0.5322265625,2044.0
1416,0.589111328125,0.5322265625,2044.0
1417,0.60546875,0.485107421875,2042.0
1418,0.60546875,0.485107421875,2042.0
1419,0.590576171875,0.43701171875,2042.0
1420,0.590576171875,0.43701171875,2042.0
1421,0.55322265625,0.3984375,2031.0
1422,0.55322265625,0.3984375,2031.0
1423,0.49853515625,0.37646484375,2040.0
1424,0.49853515625,0.37646484375,2040.0
1425,0.441650390625,0.375732421875,2024.0
1426,0.441650390625,0.375732421875,2024.0
1427,0.393310546875,0.375732421875,2024.0
1428,0.393310546875,0.395751953125,2043.0
1429,0.360107421875,0.395751953125,2043.0
1430,0.360107421875,0.431884765625,2043.0
1431,0.360107421875,0.431884765625,2043.0
1432,0.353515625,0.47412109375,2038.0
1433,0.353515625,0.47412109375,2038.0
1434,0.365478515625,0.51904296875,2035.0
1435,0.365478515625,0.51904296875,2035.0
1436,0.39697265625,0.551025390625,2037.0
1437,0.39697265625,0.551025390625,2037.0
1438,0.44677734375,0.576416015625,2029.0
1439,0.44677734375,0.576416015625,2029.0
1440,0.50341796875,0.57763671875,2034.0
1441,0.50341796875,0.57763671875,2034.0
1442,0.555419921875,0.561767578125,2040.0
1443,0.555419921875,0.561767578125,2040.0
1444,0.5927734375,0.561767578125,2040.0
1445,0.5927734375,0.561767578125,2040.0
1446,0.604736328125,0.4794921875,2043.0
1447,0.604736328125,0.4794921875,2033.0
1448,0.604736328125,0.4794921875,2033.0
1449,0.587890625,0.423828125,2032.0
1450,0.54931640625,0.423828125,2032.0
1451,0.54931640625,0.423828125,2032.0
1452,0.54931640625,0.394287109375,2032.0
1453,0.49365234375,0.376953125,2040.0
1454,0.49365234375,0.376953125,2040.0
1455,0.43701171875,0.377685546875,2049.0
1456,0.43701171875,0.377685546875,2049.0
1457,0.387451171875,0.3994140625,2021.0
1458,0.387451171875,0.3994140625,2021.0
1459,0.358642578125,0.4375,2041.0
1460,0.358642578125,0.4375,2041.0
1461,0.351806640625,0.476806640625,2055.0
1462,0.351806640625,0.476806640625,2055.0
1463,0.351806640625,0.476806640625,2055.0
1464,0.369384765625,0.51904296875,2040.0
1465,0.369384765625,0.51904296875,2040.0
1466,0.40185546875,0.51904296875,2040.0
1467,0.40185546875,0.553466796875,2038.0
1468,0.451416015625,0.57470703125,2048.0
1469,0.451416015625,0.57470703125,2048.0
1470,0.508544921875,0.5771484375,2041.0
1471,0.559814453125,0.5771484375,2041.0
1472,0.559814453125,0.561767578125,2043.0
1473,0.559814453125,0.561767578125,2043.0
1474,0.59716796875,0.561767578125,2043.0
1475,0.59716796875,0.52783203125,2043.0
1476,0.603515625,0.474609375,2035.0
1477,0.603515625,0.474609375,2035.0
1478,0.59326171875,0.427978515625,2035.0
1479,0.59326171875,0.427978515625,2035.0
1480,0.54443359375,0.391845703125,2057.0
1481,0.54443359375,0.391845703125,2038.0
1482,0.54443359375,0.391845703125,2038.0
1483,0.545166015625,0.375,2036.0
1484,0.545166015625,0.375,2036.0
1485,0.43310546875,0.380859375,2033.0
1486,0.43310546875,0.380859375,2033.0
1487,0.384521484375,0.40185546875,2069.0
1488,0.384521484375,0.40185546875,2069.0
1489,0.357421875,0.43896484375,2037.0
1490,0.357421875,0.43896484375,2037.0
1491,0.3525390625,0.48193359375,2036.0
1492,0.3525390625,0.48193359375,2036.0
1493,0.369384765625,0.523193359375,2036.0
1494,0.369384765625,0.523193359375,2038.0
1495,0.404296875,0.556640625,2043.0
1496,0.404296875,0.556640625,2043.0
1497,0.404296875,0.556640625,2043.0
1498,0.4580078125,0.57568359375,2040.0
1499,0.51318359375,0.576416015625,2019.0
1500,0.51318359375,0.576416015625,2019.0
1501,0.51318359375,0.576416015625,2019.0
1502,0.563720703125,0.561279296875,2019.0
1503,0.595947265625,0.561279296875,2037.0
1504,0.595947265625,0.51904296875,2044.0
1505,0.595947265625,0.51904296875,2044.0
1506,0.605712890625,0.4716796875,2031.0
1507,0.605712890625,0.4716796875,2031.0
1508,0.619384765625,0.42578125,2050.0
1509,0.619384765625,0.42578125,2050.0
1510,0.540771484375,0.39111328125,2036.0
1511,0.540771484375,0.39111328125,2036.0
1512,0.485107421875,0.374755859375,2041.0
1513,0.485107421875,0.374755859375,2041.0
1514,0.485107421875,0.374755859375,2041.0
1515,0.428466796875,0.378173828125,2058.0
1516,0.428466796875,0.378173828125,2058.0
1517,0.382080078125,0.402587890625,2033.0
1518,0.357177734375,0.390869140625,2033.0
1519,0.357177734375,0.390869140625,2049.0
1520,0.357177734375,0.390869140625,2049.0
1521,0.353515625,0.48291015625,2053.0
1522,0.353515625,0.48291015625,2053.0
1523,0.37060546875,0.524658203125,2026.0
1524,0.37060546875,0.524658203125,2026.0
1525,0.4072265625,0.5576171875,2049.0
1526,0.4072265625,0.5576171875,2049.0
1527,0.457763671875,0.5751953125,2040.0
1528,0.457763671875,0.5751953125,2040.0
1529,0.514404296875,0.577392578125,2034.0
1530,0.514404296875,0.577392578125,2034.0
1531,0.514404296875,0.577392578125,2034.0
1532,0.5654296875,0.555908203125,2017.0
1533,0.5654296875,0.555908203125,2017.0
1534,0.59619140625,0.517822265625,2026.0
1535,0.59619140625,0.517822265625,2026.0
1536,0.600830078125,0.469970703125,2035.0
1537,0.600830078125,0.469970703125,2035.0
1538,0.581787109375,0.423828125,2035.0
1539,0.581787109375,0.423828125,2041.0
1540,0.537109375,0.423828125,2041.0
1541,0.537109375,0.391845703125,2041.0
1542,0.483154296875,0.374755859375,2036.0
1543,0.483154296875,0.374755859375,2036.0
1544,0.4248046875,0.380615234375,2053.0
1545,0.4248046875,0.380615234375,2053.0
1546,0.4248046875,0.380615234375,2053.0
1547,0.3798828125,0.4052734375,2036.0
1548,0.3798828125,0.4052734375,2036.0
1549,0.356201171875,0.44482421875,2035.0
1550,0.356201171875,0.44482421875,2035.0
1551,0.3544921875,0.48681640625,2032.0
1552,0.3544921875,0.48681640625,2032.0
1553,0.373291015625,0.529052734375,2041.0
1554,0.373291015625,0.529052734375,2041.0
1555,0.411376953125,0.560302734375,2033.0
1556,0.411376953125,0.560302734375,2033.0
1557,0.463134765625,0.520751953125,2040.0
1558,0.463134765625,0.520751953125,2040.0
1559,0.52099609375,0.578125,2037.0
1560,0.52099609375,0.578125,2037.0
1561,0.568603515625,0.552001953125,2037.0
1562,0.568603515625,0.552001953125,2037.0
1563,0.600341796875,0.514892578125,2036.0
1564,0.600341796875,0.514892578125,2036.0
1565,0.600341796875,0.514892578125,2036.0
1566,0.602294921875,0.46337890625,2033.0
1567,0.602294921875,0.46337890625,2033.0
1568,0.57666015625,0.421142578125,2056.0
1569,0.57666015625,0.421142578125,2056.0
1570,0.5341796875,0.386962890625,2033.0
1571,0.5341796875,0.386962890625,2033.0
1572,0.474853515625,0.371826171875,2036.0
1573,0.474853515625,0.371826171875,2036.0
1574,0.41650390625,0.371826171875,2036.0
1575,0.41650390625,0.381591796875,2041.0
1576,0.374755859375,0.409912109375,2043.0
1577,0.374755859375,0.409912109375,2043.0
1578,0.353515625,0.447998046875,2028.0
1579,0.353515625,0.447998046875,2028.0
1580,0.353515625,0.447998046875,2028.0
1581,0.35595703125,0.4931640625,2044.0
1582,0.35595703125,0.4931640625,2044.0
1583,0.3779296875,0.533203125,2038.0
1584,0.3779296875,0.533203125,2038.0
1585,0.41650390625,0.562255859375,2022.0
1586,0.41650390625,0.562255859375,2022.0
1587,0.46923828125,0.582275390625,2043.0
1588,0.46923828125,0.582275390625,2043.0
1589,0.525390625,0.572998046875,2030.0
1590,0.525390625,0.572998046875,2030.0
1591,0.5859375,0.54931640625,2038.0
1592,0.5859375,0.54931640625,2038.0
1593,0.600341796875,0.50927734375,2049.0
1594,0.600341796875,0.50927734375,2049.0
1595,0.600341796875,0.459716796875,2041.0
1596,0.600341796875,0.459716796875,2041.0
1597,0.600341796875,0.459716796875,2041.0
1598,0.574951171875,0.41015625,2027.0
1599,0.574951171875,0.41015625,2027.0
1600,0.527587890625,0.3857421875,2027.0
1601,0.469482421875,0.3857421875,2057.0
1602,0.469482421875,0.374755859375,2028.0
1603,0.469482421875,0.374755859375,2028.0
1604,0.417236328125,0.383056640625,2028.0
1605,0.417236328125,0.383056640625,2028.0
1606,0.373779296875,0.4140625,2028.0
1607,0.373779296875,0.4140625,2028.0
1608,0.3525390625,0.451416015625,2036.0
1609,0.3525390625,0.451416015625,2036.0
1610,0.355712890625,0.493896484375,2041.0
1611,0.355712890625,0.493896484375,2041.0
1612,0.375732421875,0.53271484375,2048.0
1613,0.375732421875,0.53271484375,2048.0
1614,0.375732421875,0.53271484375,2048.0
1615,0.418212890625,0.56298828125,2035.0
1616,0.418212890625,0.56298828125,2035.0
1617,0.471923828125,0.578857421875,2060.0
1618,0.471923828125,0.578857421875,2060.0
1619,0.52734375,0.573486328125,2040.0
1620,0.52734375,0.573486328125,2040.0
1621,0.574462890625,0.54931640625,2028.0
1622,0.574462890625,0.54931640625,2028.0
1623,0.60107421875,0.54931640625,2028.0
1624,0.60107421875,0.508056640625,2051.0
1625,0.600341796875,0.4560546875,2050.0
1626,0.600341796875,0.4560546875,2050.0
1627,0.573974609375,0.41357421875,2030.0
1628,0.573974609375,0.41357421875,2030.0
1629,0.573974609375,0.41357421875,2030.0
1630,0.536376953125,0.384033203125,2054.0
1631,0.536376953125,0.384033203125,2054.0
1632,0.4580078125,0.374755859375,2074.0
1633,0.4580078125,0.374755859375,2074.0
1634,0.408447265625,0.386962890625,2032.0
1635,0.408447265625,0.386962890625,2032.0
1636,0.37353515625,0.412109375,2041.0
1637,0.37353515625,0.412109375,2041.0
1638,0.352783203125,0.45263671875,2043.0
1639,0.352783203125,0.45263671875,2043.0
1640,0.354736328125,0.450927734375,2043.0
1641,0.354736328125,0.450927734375,2043.0
1642,0.377197265625,0.5341796875,2031.0
1643,0.377197265625,0.5341796875,2031.0
1644,0.4404296875,0.564453125,2038.0
1645,0.4404296875,0.564453125,2038.0
1646,0.4404296875,0.564453125,2038.0
1647,0.472900390625,0.580322265625,2033.0
1648,0.472900390625,0.580322265625,2033.0
1649,0.52880859375,0.572998046875,2041.0
1650,0.52880859375,0.572998046875,2041.0
1651,0.575439453125,0.5478515625,2041.0
1652,0.575439453125,0.5478515625,2041.0
1653,0.6015625,0.510009765625,2038.0
1654,0.6015625,0.510009765625,2038.0
1655,0.599853515625,0.45458984375,2048.0
1656,0.599853515625,0.45458984375,2048.0
1657,0.572509765625,0.413330078125,2048.0
1658,0.572509765625,0.413330078125,1993.0
1659,0.444091796875,0.386962890625,2105.0
1660,0.444091796875,0.386962890625,2105.0
1661,0.466796875,0.386962890625,2105.0
1662,0.466796875,0.374755859375,2105.0
1663,0.4033203125,0.384765625,2041.0
1664,0.4033203125,0.384765625,2042.0
1665,0.4033203125,0.384765625,2042.0
1666,0.37353515625,0.41259765625,2056.0
1667,0.37353515625,0.41259765625,2056.0
1668,0.3525390625,0.4541015625,2056.0
1669,0.3525390625,0.4541015625,2056.0
1670,0.35546875,0.49560546875,2043.0
1671,0.35546875,0.49560546875,2043.0
1672,0.378173828125,0.535400390625,2034.0
1673,0.378173828125,0.535400390625,2034.0
1674,0.42138671875,0.56591796875,2028.0
1675,0.42138671875,0.56591796875,2028.0
1676,0.47314453125,0.578857421875,2041.0
1677,0.47314453125,0.578857421875,2041.0
1678,0.529541015625,0.57177734375,2034.0
1679,0.529541015625,0.57177734375,2034.0
1680,0.529541015625,0.57177734375,2034.0
1681,0.57763671875,0.495361328125,2064.0
1682,0.57763671875,0.495361328125,2064.0
1683,0.60498046875,0.505859375,2025.0
1684,0.60498046875,0.505859375,2025.0
1685,0.60009765625,0.457763671875,2014.0
1686,0.60009765625,0.457763671875,2014.0
1687,0.571533203125,0.4130859375,2041.0
1688,0.571533203125,0.4130859375,2041.0
1689,0.524169921875,0.38623046875,2042.0
1690,0.524169921875,0.38623046875,2042.0
1691,0.467041015625,0.37646484375,2038.0
1692,0.467041015625,0.37646484375,2038.0
1693,0.41162109375,0.38623046875,2052.0
1694,0.41162109375,0.38623046875,2052.0
1695,0.372314453125,0.41259765625,2033.0
1696,0.372314453125,0.41259765625,2033.0
1697,0.372314453125,0.41259765625,2033.0
1698,0.354248046875,0.453125,2035.0
1699,0.354248046875,0.453125,2035.0
1700,0.35546875,0.49658203125,2035.0
1701,0.35546875,0.49658203125,2027.0
1702,0.377685546875,0.5390625,2038.0
1703,0.377685546875,0.5390625,2038.0
1704,0.4208984375,0.564208984375,2044.0
1705,0.4208984375,0.564208984375,2044.0
1706,0.473876953125,0.578125,2043.0
1707,0.473876953125,0.578125,2043.0
1708,0.529541015625,0.57177734375,2042.0
1709,0.529541015625,0.57177734375,2042.0
1710,0.57861328125,0.549560546875,2028.0
1711,0.57861328125,0.549560546875,2028.0
1712,0.57861328125,0.549560546875,2028.0
1713,0.60009765625,0.504638671875,2038.0
1714,0.60009765625,0.504638671875,2038.0
1715,0.59814453125,0.456298828125,2032.0
1716,0.59814453125,0.456298828125,2032.0
1717,0.5869140625,0.412841796875,2040.0
1718,0.523681640625,0.412841796875,2040.0
1719,0.523681640625,0.38330078125,2048.0
1720,0.523681640625,0.38330078125,2048.0
1721,0.46630859375,0.374755859375,2035.0
1722,0.46630859375,0.374755859375,2035.0
1723,0.413330078125,0.38525390625,2052.0
1724,0.413330078125,0.38525390625,2052.0
1725,0.367919921875,0.4140625,2033.0
1726,0.367919921875,0.4140625,2033.0
1727,0.35205078125,0.453125,2043.0
1728,0.35205078125,0.453125,2043.0
1729,0.35205078125,0.453125,2043.0
1730,0.35791015625,0.495361328125,2049.0
1731,0.37939453125,0.534423828125,2049.0
1732,0.37939453125,0.534423828125,2056.0
1733,0.37939453125,0.534423828125,2056.0
1734,0.41943359375,0.562744140625,2050.0
1735,0.41943359375,0.562744140625,2050.0
1736,0.472900390625,0.585205078125,2048.0
1737,0.472900390625,0.585205078125,2048.0
1738,0.527587890625,0.573486328125,2044.0
1739,0.527587890625,0.573486328125,2044.0
1740,0.5751953125,0.548828125,2032.0
1741,0.5751953125,0.548828125,2032.0
1742,0.6005859375,0.507080078125,2040.0
1743,0.6005859375,0.507080078125,2040.0
1744,0.602294921875,0.45947265625,2041.0
1745,0.602294921875,0.45947265625,2041.0
1746,0.602294921875,0.45947265625,2041.0
1747,0.5732421875,0.415283203125,2063.0
1748,0.526611328125,0.386962890625,2063.0
1749,0.526611328125,0.386962890625,2053.0
1750,0.526611328125,0.386962890625,2053.0
1751,0.4697265625,0.374755859375,2048.0
1752,0.4697265625,0.374755859375,2048.0
1753,0.4169921875,0.38232421875,2048.0
1754,0.4169921875,0.38232421875,2048.0
1755,0.374755859375,0.411376953125,2031.0
1756,0.374755859375,0.411376953125,2031.0
1757,0.374755859375,0.411376953125,2031.0
1758,0.35302734375,0.411376953125,2031.0
1759,0.354736328125,0.49462890625,2051.0
1760,0.354736328125,0.49462890625,2057.0
1761,0.375,0.53271484375,2041.0
1762,0.375,0.53271484375,2041.0
1763,0.375,0.53271484375,2041.0
1764,0.416015625,0.56201171875,2049.0
1765,0.416015625,0.56201171875,2049.0
1766,0.469482421875,0.580810546875,2038.0
1767,0.469482421875,0.580810546875,2038.0
1768,0.526611328125,0.574462890625,2033.0
1769,0.526611328125,0.574462890625,2033.0
1770,0.5703125,0.550048828125,1931.0
1771,0.5703125,0.550048828125,1931.0
1772,0.599853515625,0.511962890625,2044.0
1773,0.599853515625,0.511962890625,2044.0
1774,0.601806640625,0.464599609375,2038.0
1775,0.601806640625,0.464599609375,2038.0
1776,0.576171875,0.420654296875,2058.0
1777,0.576171875,0.420654296875,2058.0
1778,0.530029296875,0.388916015625,2035.0
1779,0.530029296875,0.388916015625,2035.0
1780,0.530029296875,0.388916015625,2035.0
1781,0.47314453125,0.374755859375,2034.0
1782,0.47314453125,0.374755859375,2034.0
1783,0.418212890625,0.382080078125,2032.0
1784,0.418212890625,0.382080078125,2032.0
1785,0.374755859375,0.4091796875,2030.0
1786,0.374755859375,0.4091796875,2030.0
1787,0.35546875,0.447998046875,2031.0
1788,0.35546875,0.447998046875,2031.0
1789,0.353271484375,0.48974609375,2033.0
1790,0.353271484375,0.48974609375,2033.0
1791,0.374755859375,0.535400390625,2034.0
1792,0.374755859375,0.535400390625,2034.0
1793,0.41162109375,0.56298828125,2030.0
1794,0.41162109375,0.56298828125,2030.0
1795,0.41162109375,0.56298828125,2030.0
1796,0.4658203125,0.580078125,2035.0
1797,0.4658203125,0.580078125,2035.0
1798,0.520751953125,0.57666015625,2025.0
1799,0.520751953125,0.57666015625,2025.0
1800,0.5693359375,0.55322265625,2029.0
1801,0.5693359375,0.55322265625,2029.0
1802,0.600830078125,0.512451171875,2029.0
1803,0.600830078125,0.512451171875,2029.0
1804,0.60205078125,0.45654296875,2029.0
1805,0.60205078125,0.45654296875,2042.0
1806,0.58154296875,0.419921875,2035.0
1807,0.58154296875,0.419921875,2035.0
1808,0.535888671875,0.387451171875,2032.0
1809,0.535888671875,0.387451171875,2032.0
1810,0.477783203125,0.374755859375,2026.0
1811,0.477783203125,0.374755859375,2026.0
1812,0.477783203125,0.374755859375,2026.0
1813,0.422607421875,0.380126953125,2063.0
1814,0.422607421875,0.380126953125,2063.0
1815,0.376953125,0.405517578125,2035.0
1816,0.376953125,0.405517578125,2035.0
1817,0.357666015625,0.44384765625,2044.0
1818,0.357666015625,0.44384765625,2044.0
1819,0.352783203125,0.48681640625,2043.0
1820,0.352783203125,0.48681640625,2043.0
1821,0.37255859375,0.5263671875,2040.0
1822,0.37255859375,0.5263671875,2040.0
1823,0.408203125,0.55810546875,2049.0
1824,0.408203125,0.55810546875,2049.0
1825,0.458984375,0.575927734375,2042.0
1826,0.458984375,0.575927734375,2042.0
1827,0.514892578125,0.575927734375,2038.0
1828,0.514892578125,0.575927734375,2038.0
1829,0.514892578125,0.575927734375,2038.0
1830,0.5634765625,0.55615234375,2038.0
1831,0.59716796875,0.519287109375,2041.0
1832,0.59716796875,0.519287109375,2052.0
1833,0.59716796875,0.519287109375,2052.0
1834,0.604248046875,0.47216796875,2033.0
1835,0.604248046875,0.47216796875,2033.0
1836,0.586181640625,0.426025390625,2043.0
1837,0.586181640625,0.426025390625,2043.0
1838,0.541748046875,0.392822265625,2049.0
1839,0.541748046875,0.392822265625,2049.0
1840,0.48681640625,0.375244140625,2027.0
1841,0.48681640625,0.375244140625,2027.0
1842,0.429931640625,0.377197265625,2040.0
1843,0.429931640625,0.377197265625,2040.0
1844,0.3828125,0.4013671875,2037.0
1845,0.3828125,0.4013671875,2037.0
1846,0.3828125,0.4013671875,2037.0
1847,0.35693359375,0.4384765625,2029.0
1848,0.35693359375,0.4384765625,2029.0
1849,0.351806640625,0.481201171875,2042.0
1850,0.351806640625,0.481201171875,2042.0
1851,0.36767578125,0.521484375,2035.0
1852,0.36767578125,0.521484375,2035.0
1853,0.36767578125,0.521484375,2035.0
1854,0.401611328125,0.521484375,2035.0
1855,0.451904296875,0.56494140625,2043.0
1856,0.451904296875,0.56494140625,2043.0
1857,0.50927734375,0.576904296875,2035.0
1858,0.50927734375,0.576904296875,2035.0
1859,0.56005859375,0.559814453125,2037.0
1860,0.56005859375,0.559814453125,2037.0
1861,0.594970703125,0.52392578125,2032.0
1862,0.594970703125,0.52392578125,2032.0
1863,0.594970703125,0.52392578125,2032.0
1864,0.6064453125,0.477783203125,2039.0
1865,0.6064453125,0.477783203125,2039.0
1866,0.586181640625,0.430419921875,2030.0
1867,0.586181640625,0.430419921875,2030.0
1868,0.54638671875,0.394775390625,2042.0
1869,0.54638671875,0.394775390625,2042.0
1870,0.492919921875,0.3759765625,2037.0
1871,0.492919921875,0.3759765625,2037.0
1872,0.435546875,0.3916015625,2032.0
1873,0.435546875,0.3916015625,2032.0
1874,0.38525390625,0.3916015625,2032.0
1875,0.38525390625,0.3994140625,2101.0
1876,0.359130859375,0.4345703125,2035.0
1877,0.359130859375,0.4345703125,2035.0
1878,0.353759765625,0.4765625,2040.0
1879,0.353759765625,0.4765625,2040.0
1880,0.353759765625,0.4765625,2040.0
1881,0.3662109375,0.52001953125,2040.0
1882,0.3662109375,0.52001953125,2040.0
1883,0.421875,0.553466796875,2035.0
1884,0.421875,0.553466796875,2035.0
1885,0.447998046875,0.5732421875,2035.0
1886,0.447998046875,0.5732421875,2035.0
1887,0.509033203125,0.578125,2040.0
1888,0.509033203125,0.578125,2040.0
1889,0.555419921875,0.559814453125,2051.0
1890,0.555419921875,0.559814453125,2051.0
1891,0.593017578125,0.526611328125,2029.0
1892,0.593017578125,0.526611328125,2029.0
1893,0.60400390625,0.479736328125,2029.0
1894,0.60400390625,0.479736328125,2043.0
1895,0.60400390625,0.479736328125,2043.0
1896,0.587158203125,0.431640625,2042.0
1897,0.587158203125,0.431640625,2042.0
1898,0.54833984375,0.395263671875,2041.0
1899,0.54833984375,0.395263671875,2041.0
1900,0.496337890625,0.37548828125,2041.0
1901,0.4443359375,0.37548828125,2048.0
1902,0.4443359375,0.37646484375,2048.0
1903,0.4443359375,0.37646484375,2033.0
1904,0.388427734375,0.40185546875,2050.0
1905,0.388427734375,0.40185546875,2050.0
1906,0.360595703125,0.43408203125,2025.0
1907,0.360595703125,0.43408203125,2025.0
1908,0.35107421875,0.473876953125,2033.0
1909,0.35107421875,0.473876953125,2033.0
1910,0.364501953125,0.51708984375,2040.0
1911,0.364501953125,0.51708984375,2040.0
1912,0.364501953125,0.51708984375,2040.0
1913,0.399658203125,0.553955078125,2057.0
1914,0.399658203125,0.553955078125,2057.0
1915,0.399658203125,0.553955078125,2057.0
1916,0.446044921875,0.573974609375,2054.0
1917,0.50390625,0.578125,2059.0
1918,0.50390625,0.578125,2059.0
1919,0.5537109375,0.562255859375,2051.0
1920,0.5537109375,0.562255859375,2051.0
1921,0.591064453125,0.528564453125,2040.0
1922,0.591064453125,0.528564453125,2040.0
1923,0.603759765625,0.48193359375,2043.0
1924,0.603759765625,0.48193359375,2043.0
1925,0.589111328125,0.434326171875,2037.0
1926,0.589111328125,0.434326171875,2037.0
1927,0.55126953125,0.396484375,2058.0
1928,0.55126953125,0.396484375,2058.0
1929,0.55126953125,0.396484375,2058.0
1930,0.498291015625,0.37890625,2013.0
1931,0.498291015625,0.37890625,2013.0
1932,0.4423828125,0.376220703125,2029.0
1933,0.4423828125,0.376220703125,2029.0
1934,0.396728515625,0.395263671875,2030.0
1935,0.396728515625,0.395263671875,2030.0
1936,0.361572265625,0.43017578125,1954.0
1937,0.361572265625,0.43017578125,1954.0
1938,0.349853515625,0.471435546875,2040.0
1939,0.349853515625,0.471435546875,2040.0
1940,0.363525390625,0.553955078125,2044.0
1941,0.363525390625,0.553955078125,2044.0
1942,0.393798828125,0.55126953125,2032.0
1943,0.393798828125,0.55126953125,2032.0
1944,0.442138671875,0.571533203125,2038.0
1945,0.442138671875,0.571533203125,2038.0
1946,0.442138671875,0.571533203125,2038.0
1947,0.49755859375,0.57861328125,2043.0
1948,0.49755859375,0.57861328125,2043.0
1949,0.552001953125,0.564453125,2029.0
1950,0.552001953125,0.564453125,2029.0
1951,0.58984375,0.531982421875,2035.0
1952,0.58984375,0.531982421875,2035.0
1953,0.6044921875,0.531982421875,2035.0
1954,0.6044921875,0.486328125,2035.0
1955,0.59375,0.438720703125,2036.0
1956,0.59375,0.438720703125,2036.0
1957,0.5576171875,0.40234375,2030.0
1958,0.5576171875,0.40234375,2030.0
1959,0.50537109375,0.377197265625,2040.0
1960,0.50537109375,0.377197265625,2040.0
1961,0.445068359375,0.375,2035.0
1962,0.445068359375,0.375,2035.0
1963,0.445068359375,0.375,2035.0
1964,0.395751953125,0.39404296875,2035.0
1965,0.36474609375,0.42724609375,2051.0
1966,0.36474609375,0.42724609375,2051.0
1967,0.36474609375,0.42724609375,2051.0
1968,0.350830078125,0.468994140625,2049.0
1969,0.350830078125,0.468994140625,2049.0
1970,0.36181640625,0.51171875,2049.0
1971,0.36181640625,0.51171875,2059.0
1972,0.36181640625,0.51171875,2059.0
1973,0.36181640625,0.51171875,2059.0
1974,0.395751953125,0.51171875,2059.0
1975,0.395751953125,0.51171875,2059.0
1976,0.395751953125,0.548828125,2027.0
1977,0.440185546875,0.572509765625,2048.0
1978,0.4951171875,0.5791015625,2036.0
1979,0.54833984375,0.56494140625,2025.0
1980,0.590087890625,0.533447265625,2042.0
1981,0.590087890625,0.533447265625,2042.0
1982,0.590087890625,0.533447265625,2042.0
1983,0.607666015625,0.48681640625,2034.0
1984,0.607666015625,0.48681640625,2034.0
1985,0.594482421875,0.438720703125,2034.0
1986,0.594482421875,0.438720703125,2034.0
1987,0.5556640625,0.39892578125,2067.0
1988,0.5556640625,0.39892578125,2067.0
1989,0.503173828125,0.39892578125,2067.0
1990,0.503173828125,0.39892578125,2067.0
1991,0.444091796875,0.375732421875,2048.0
1992,0.444091796875,0.375732421875,2048.0
1993,0.39453125,0.393310546875,2036.0
1994,0.39453125,0.393310546875,2036.0
1995,0.39453125,0.393310546875,2036.0
1996,0.36181640625,0.427978515625,2041.0
1997,0.36181640625,0.427978515625,2041.0
1998,0.3505859375,0.469970703125,2034.0
1999,0.3505859375,0.469970703125,2034.0
